web-scraper-order,date_price,date_debut,date_fin,prix_init,prix_actuel,typologie,n_offre,nom,localite,date_debut-jour,Nb semaines
1692572660-1,24/04/2023,14/05/2023,17/05/2023,252,252,Chambre Double,,Hôtel Maison Doron,Beaufort,,19
1692572660-2,24/04/2023,14/05/2023,17/05/2023,380,380,Chambre Lits Jumeaux,,Hôtel du Grand-Mont,Beaufort,,19
1692572660-3,24/04/2023,14/05/2023,17/05/2023,365,365,Chambre Quadruple Standard,,La Mollinière,Notre-Dame-de-Bellecombe,,19
1692572660-4,24/04/2023,14/05/2023,17/05/2023,252,252,Chambre Lits Jumeaux Standard,,ULVF La Citadelle de Conflans,Albertville,,19
1692572660-5,24/04/2023,14/05/2023,17/05/2023,245,245,Chambre Lits Jumeaux,,Auberge de Costaroche,Albertville,,19
1692572660-6,24/04/2023,14/05/2023,17/05/2023,178,178,Chambre Lits Jumeaux Standard,,Hôtel Le Savoie,Albertville,,19
1692572660-7,24/04/2023,14/05/2023,17/05/2023,328,328,Chambre Lits Jumeaux Standard,,ibis Styles Albertville,Albertville,,19
1692572660-8,24/04/2023,14/05/2023,17/05/2023,422,422,Chambre Double Classique avec Canapé-Lit,,Novotel Megève Mont-Blanc,Megève,,19
1692572660-9,24/04/2023,14/05/2023,17/05/2023,414,414,Chambre Double Standard,,Au Coin Du Feu,Megève,,19
1692572660-10,24/04/2023,14/05/2023,17/05/2023,281,281,Chambre Double avec Salle de Bains Privative,,Hôtel Flor'Alpes,La Giettaz,,19
1692572660-11,24/04/2023,14/05/2023,17/05/2023,289,289,Chambre Double,,Albert 1er,Albertville,,19
1692572660-12,24/04/2023,14/05/2023,17/05/2023,248,248,Chambre Double ou Lits Jumeaux Classique,,Le Roma,Albertville,,19
1692572660-13,24/04/2023,14/05/2023,17/05/2023,151,151,Chambre Lits Jumeaux,,Fasthotel Albertville,Albertville,,19
1692572660-14,24/04/2023,14/05/2023,17/05/2023,190,190,Chambre Triple,,ibis budget Albertville,Gilly-sur-Isère,,19
1692572660-15,24/04/2023,14/05/2023,17/05/2023,1008,1008,Chambre Double Deluxe avec Balcon,,Magic Megève Bois,Demi-Quartier,,19
1692572660-16,24/04/2023,14/05/2023,17/05/2023,296,296,Chambre Double - Accessible aux Personnes à Mobilité Réduite ,,Brit Hotel Florimont,Saint-Ferréol,,19
1692572660-17,24/04/2023,14/05/2023,17/05/2023,661,661,Chambre Supérieure Double ou Twin avec Terrasse et Vue sur le Mont d'Arbois et le Mont-Blanc,,Hôtel Arbois Bettex,Saint-Gervais-les-Bains,,19
1692572660-18,24/04/2023,14/05/2023,17/05/2023,535,535,Chambre Double Confort,,"Hôtel Restaurant ""Les Sapins"" Wellness & Gourmet",Manigod,,19
1692572660-19,24/04/2023,14/05/2023,17/05/2023,236,236,Chambre Double Standard,,"Hôtel de Genève , Faverges-Seythenex 74210, Haute Savoie",Faverges,,19
1692572660-20,24/04/2023,14/05/2023,17/05/2023,429,429,Chambre Double - Vue sur Piscine - 8,,Le Coin Savoyard,Combloux,,19
1692572660-21,24/04/2023,14/05/2023,17/05/2023,337,337,Chambre Double Classique,,Hotel Du Parc - Manoir Du Baron Blanc,Faverges,,19
1692572660-22,24/04/2023,14/05/2023,17/05/2023,1304,1304,Suite Junior (2 Adultes),,Les Chalets-Hôtel de la Croix-Fry,Manigod,,19
1692572660-23,24/04/2023,14/05/2023,17/05/2023,188,188,Chambre Double Économique,,Hotel La Montagne,La Clusaz,,19
1692572660-24,24/04/2023,14/05/2023,17/05/2023,299,299,Petite Chambre Double ou Lits Jumeaux avec Balcon,,Hotel Beauregard,La Clusaz,,19
1692572660-25,24/04/2023,14/05/2023,17/05/2023,230,230,Chambre Double - Mansardée,,Chalet Les Rhodos,Cordon,,19
1692572660-26,24/04/2023,14/05/2023,17/05/2023,252,252,Chambre Double,,Hôtel Maison Doron,Beaufort,,19
1692572660-27,24/04/2023,14/05/2023,17/05/2023,380,380,Chambre Lits Jumeaux,,Hôtel du Grand-Mont,Beaufort,,19
1692572660-28,24/04/2023,14/05/2023,17/05/2023,365,365,Chambre Quadruple Standard,,La Mollinière,Notre-Dame-de-Bellecombe,,19
1692572660-29,24/04/2023,14/05/2023,17/05/2023,252,252,Chambre Lits Jumeaux Standard,,ULVF La Citadelle de Conflans,Albertville,,19
1692572660-30,24/04/2023,14/05/2023,17/05/2023,245,245,Chambre Lits Jumeaux,,Auberge de Costaroche,Albertville,,19
1692572660-31,24/04/2023,14/05/2023,17/05/2023,178,178,Chambre Lits Jumeaux Standard,,Hôtel Le Savoie,Albertville,,19
1692572660-32,24/04/2023,14/05/2023,17/05/2023,328,328,Chambre Lits Jumeaux Standard,,ibis Styles Albertville,Albertville,,19
1692572660-33,24/04/2023,14/05/2023,17/05/2023,422,422,Chambre Double Classique avec Canapé-Lit,,Novotel Megève Mont-Blanc,Megève,,19
1692572660-34,24/04/2023,14/05/2023,17/05/2023,414,414,Chambre Double Standard,,Au Coin Du Feu,Megève,,19
1692572660-35,24/04/2023,14/05/2023,17/05/2023,281,281,Chambre Double avec Salle de Bains Privative,,Hôtel Flor'Alpes,La Giettaz,,19
1692572660-36,24/04/2023,14/05/2023,17/05/2023,289,289,Chambre Double,,Albert 1er,Albertville,,19
1692572660-37,24/04/2023,14/05/2023,17/05/2023,248,248,Chambre Double ou Lits Jumeaux Classique,,Le Roma,Albertville,,19
1692572660-38,24/04/2023,14/05/2023,17/05/2023,151,151,Chambre Lits Jumeaux,,Fasthotel Albertville,Albertville,,19
1692572660-39,24/04/2023,14/05/2023,17/05/2023,190,190,Chambre Triple,,ibis budget Albertville,Gilly-sur-Isère,,19
1692572660-40,24/04/2023,14/05/2023,17/05/2023,1008,1008,Chambre Double Deluxe avec Balcon,,Magic Megève Bois,Demi-Quartier,,19
1692572660-41,24/04/2023,14/05/2023,17/05/2023,296,296,Chambre Double - Accessible aux Personnes à Mobilité Réduite ,,Brit Hotel Florimont,Saint-Ferréol,,19
1692572660-42,24/04/2023,14/05/2023,17/05/2023,661,661,Chambre Supérieure Double ou Twin avec Terrasse et Vue sur le Mont d'Arbois et le Mont-Blanc,,Hôtel Arbois Bettex,Saint-Gervais-les-Bains,,19
1692572660-43,24/04/2023,14/05/2023,17/05/2023,535,535,Chambre Double Confort,,"Hôtel Restaurant ""Les Sapins"" Wellness & Gourmet",Manigod,,19
1692572660-44,24/04/2023,14/05/2023,17/05/2023,236,236,Chambre Double Standard,,"Hôtel de Genève , Faverges-Seythenex 74210, Haute Savoie",Faverges,,19
1692572660-45,24/04/2023,14/05/2023,17/05/2023,429,429,Chambre Double - Vue sur Piscine - 8,,Le Coin Savoyard,Combloux,,19
1692572660-46,24/04/2023,14/05/2023,17/05/2023,337,337,Chambre Double Classique,,Hotel Du Parc - Manoir Du Baron Blanc,Faverges,,19
1692572660-47,24/04/2023,14/05/2023,17/05/2023,1304,1304,Suite Junior (2 Adultes),,Les Chalets-Hôtel de la Croix-Fry,Manigod,,19
1692572660-48,24/04/2023,14/05/2023,17/05/2023,188,188,Chambre Double Économique,,Hotel La Montagne,La Clusaz,,19
1692572660-49,24/04/2023,14/05/2023,17/05/2023,299,299,Petite Chambre Double ou Lits Jumeaux avec Balcon,,Hotel Beauregard,La Clusaz,,19
1692572660-50,24/04/2023,14/05/2023,17/05/2023,230,230,Chambre Double - Mansardée,,Chalet Les Rhodos,Cordon,,19
1692572660-51,24/04/2023,14/05/2023,17/05/2023,242,242,Chambre Double,,Hôtel National,Cluses,,19
1692572660-52,24/04/2023,14/05/2023,17/05/2023,457,457,Chambre Double Supérieure,,La Ferme Du Lac,Thyez,,19
1692572660-53,24/04/2023,14/05/2023,17/05/2023,227,227,Chambre Double,,Hotel Edelweiss,Magland,,19
1692572660-54,24/04/2023,14/05/2023,17/05/2023,478,478,Chambre Double Supérieure avec Douche,,La Croix de Savoie & Spa,Les Carroz d'Arâches,,19
1692572660-55,24/04/2023,14/05/2023,17/05/2023,372,372,Chambre Lits Jumeaux Standard,,Ibis Styles Sallanches Pays du Mont-Blanc,Sallanches,,19
1692572660-56,24/04/2023,14/05/2023,17/05/2023,197,197,Chambre Triple avec Lit Superposé,,Ibis Budget Sallanches,Sallanches,,19
1692572660-57,24/04/2023,14/05/2023,17/05/2023,319,319,Chambre Double ou Lits Jumeaux Classique,,Chamois d'Or Hotel,Les Gets,,19
1692572660-58,24/04/2023,14/05/2023,17/05/2023,216,216,Chambre Standard avec 1 Lit Double et 1 Lit Simple,,Ibis Hôtel Sallanches,Sallanches,,19
1692572660-59,24/04/2023,14/05/2023,17/05/2023,635,635,Chambre Double Classique (2 Adultes),,"Chalet-Hôtel La Marmotte, La Tapiaz & SPA, The Originals Relais (Hotel-Chalet de Tradition)",Les Gets,,19
1692572660-60,24/04/2023,14/05/2023,17/05/2023,294,294,Chambre Lit Queen-Size Standard - Non-Fumeurs,,Auberge de l'Orangerie - Sure Hotel Collection by Best Western,Sallanches,,19
1692572660-61,24/04/2023,14/05/2023,17/05/2023,287,287,Chambre Double Confort,,Accueil Savoyard,Mieussy,,19
1692572660-62,24/04/2023,14/05/2023,17/05/2023,203,203,Chambre Double - Vue sur Montagne,,HOTEL Le TOURISME,Passy,,19
1692572660-63,24/04/2023,14/05/2023,17/05/2023,330,330,Petite Chambre Double,,Hotel Rhodos Morzine,Morzine,,19
1692572660-64,24/04/2023,14/05/2023,17/05/2023,326,326,Chambre Double,,Le Charvet,Cordon,,19
1692572660-65,24/04/2023,14/05/2023,17/05/2023,533,533,Suite - Vue sur Montagne,,Le Chalet Hôtel Cordon,Cordon,,19
1692572660-66,24/04/2023,14/05/2023,17/05/2023,230,230,Chambre Double - Mansardée,,Chalet Les Rhodos,Cordon,,19
1692572660-67,24/04/2023,14/05/2023,17/05/2023,228,228,Chambre Lits Jumeaux Standard,,Heyday Chalet,Montriond,,19
1692572660-68,24/04/2023,14/05/2023,17/05/2023,276,276,Chambre Double,,Auberge Les Gorges De La Diosaz,Servoz,,19
1692572660-69,24/04/2023,14/05/2023,17/05/2023,207,207,Chambre Lits Jumeaux,,Hotel Terminus,Saint-Gervais-les-Bains,,19
1692572660-70,24/04/2023,14/05/2023,17/05/2023,308,308,Chambre Double Supérieure,,Le Saint Gervais Hotel & Spa Handwritten Collection,Saint-Gervais-les-Bains,,19
1692572660-71,24/04/2023,14/05/2023,17/05/2023,429,429,Chambre Double - Vue sur Piscine - 8,,Le Coin Savoyard,Combloux,,19
1692572660-72,24/04/2023,14/05/2023,17/05/2023,203,203,Chambre Double Classique,,Hôtel Val d'Este,Saint-Gervais-les-Bains,,19
1692572660-73,24/04/2023,14/05/2023,17/05/2023,1008,1008,Chambre Double Deluxe avec Balcon,,Magic Megève Bois,Demi-Quartier,,19
1692572660-74,24/04/2023,14/05/2023,17/05/2023,661,661,Chambre Supérieure Double ou Twin avec Terrasse et Vue sur le Mont d'Arbois et le Mont-Blanc,,Hôtel Arbois Bettex,Saint-Gervais-les-Bains,,19
1692572660-75,24/04/2023,14/05/2023,17/05/2023,530,530,Cottage,,Guest House du Grand Paradis,Champéry,,19
1692572660-76,24/04/2023,14/05/2023,17/05/2023,242,242,Chambre Double,,Hôtel National,Cluses,,19
1692572660-77,24/04/2023,14/05/2023,17/05/2023,457,457,Chambre Double Supérieure,,La Ferme Du Lac,Thyez,,19
1692572660-78,24/04/2023,14/05/2023,17/05/2023,227,227,Chambre Double,,Hotel Edelweiss,Magland,,19
1692572660-79,24/04/2023,14/05/2023,17/05/2023,478,478,Chambre Double Supérieure avec Douche,,La Croix de Savoie & Spa,Les Carroz d'Arâches,,19
1692572660-80,24/04/2023,14/05/2023,17/05/2023,372,372,Chambre Lits Jumeaux Standard,,Ibis Styles Sallanches Pays du Mont-Blanc,Sallanches,,19
1692572660-81,24/04/2023,14/05/2023,17/05/2023,197,197,Chambre Triple avec Lit Superposé,,Ibis Budget Sallanches,Sallanches,,19
1692572660-82,24/04/2023,14/05/2023,17/05/2023,319,319,Chambre Double ou Lits Jumeaux Classique,,Chamois d'Or Hotel,Les Gets,,19
1692572660-83,24/04/2023,14/05/2023,17/05/2023,216,216,Chambre Standard avec 1 Lit Double et 1 Lit Simple,,Ibis Hôtel Sallanches,Sallanches,,19
1692572660-84,24/04/2023,14/05/2023,17/05/2023,635,635,Chambre Double Classique (2 Adultes),,"Chalet-Hôtel La Marmotte, La Tapiaz & SPA, The Originals Relais (Hotel-Chalet de Tradition)",Les Gets,,19
1692572660-85,24/04/2023,14/05/2023,17/05/2023,294,294,Chambre Lit Queen-Size Standard - Non-Fumeurs,,Auberge de l'Orangerie - Sure Hotel Collection by Best Western,Sallanches,,19
1692572660-86,24/04/2023,14/05/2023,17/05/2023,287,287,Chambre Double Confort,,Accueil Savoyard,Mieussy,,19
1692572660-87,24/04/2023,14/05/2023,17/05/2023,203,203,Chambre Double - Vue sur Montagne,,HOTEL Le TOURISME,Passy,,19
1692572660-88,24/04/2023,14/05/2023,17/05/2023,330,330,Petite Chambre Double,,Hotel Rhodos Morzine,Morzine,,19
1692572660-89,24/04/2023,14/05/2023,17/05/2023,326,326,Chambre Double,,Le Charvet,Cordon,,19
1692572660-90,24/04/2023,14/05/2023,17/05/2023,533,533,Suite - Vue sur Montagne,,Le Chalet Hôtel Cordon,Cordon,,19
1692572660-91,24/04/2023,14/05/2023,17/05/2023,230,230,Chambre Double - Mansardée,,Chalet Les Rhodos,Cordon,,19
1692572660-92,24/04/2023,14/05/2023,17/05/2023,228,228,Chambre Lits Jumeaux Standard,,Heyday Chalet,Montriond,,19
1692572660-93,24/04/2023,14/05/2023,17/05/2023,276,276,Chambre Double,,Auberge Les Gorges De La Diosaz,Servoz,,19
1692572660-94,24/04/2023,14/05/2023,17/05/2023,207,207,Chambre Lits Jumeaux,,Hotel Terminus,Saint-Gervais-les-Bains,,19
1692572660-95,24/04/2023,14/05/2023,17/05/2023,308,308,Chambre Double Supérieure,,Le Saint Gervais Hotel & Spa Handwritten Collection,Saint-Gervais-les-Bains,,19
1692572660-96,24/04/2023,14/05/2023,17/05/2023,429,429,Chambre Double - Vue sur Piscine - 8,,Le Coin Savoyard,Combloux,,19
1692572660-97,24/04/2023,14/05/2023,17/05/2023,203,203,Chambre Double Classique,,Hôtel Val d'Este,Saint-Gervais-les-Bains,,19
1692572660-98,24/04/2023,14/05/2023,17/05/2023,1008,1008,Chambre Double Deluxe avec Balcon,,Magic Megève Bois,Demi-Quartier,,19
1692572660-99,24/04/2023,14/05/2023,17/05/2023,661,661,Chambre Supérieure Double ou Twin avec Terrasse et Vue sur le Mont d'Arbois et le Mont-Blanc,,Hôtel Arbois Bettex,Saint-Gervais-les-Bains,,19
1692572660-100,24/04/2023,14/05/2023,17/05/2023,530,530,Cottage,,Guest House du Grand Paradis,Champéry,,19
1692572660-101,24/04/2023,14/05/2023,17/05/2023,242,242,Chambre Double,,Hôtel National,Cluses,,19
1692572660-102,24/04/2023,14/05/2023,17/05/2023,457,457,Chambre Double Supérieure,,La Ferme Du Lac,Thyez,,19
1692572660-103,24/04/2023,14/05/2023,17/05/2023,227,227,Chambre Double,,Hotel Edelweiss,Magland,,19
1692572660-104,24/04/2023,14/05/2023,17/05/2023,478,478,Chambre Double Supérieure avec Douche,,La Croix de Savoie & Spa,Les Carroz d'Arâches,,19
1692572660-105,24/04/2023,14/05/2023,17/05/2023,372,372,Chambre Lits Jumeaux Standard,,Ibis Styles Sallanches Pays du Mont-Blanc,Sallanches,,19
1692572660-106,24/04/2023,14/05/2023,17/05/2023,197,197,Chambre Triple avec Lit Superposé,,Ibis Budget Sallanches,Sallanches,,19
1692572660-107,24/04/2023,14/05/2023,17/05/2023,319,319,Chambre Double ou Lits Jumeaux Classique,,Chamois d'Or Hotel,Les Gets,,19
1692572660-108,24/04/2023,14/05/2023,17/05/2023,216,216,Chambre Standard avec 1 Lit Double et 1 Lit Simple,,Ibis Hôtel Sallanches,Sallanches,,19
1692572660-109,24/04/2023,14/05/2023,17/05/2023,635,635,Chambre Double Classique (2 Adultes),,"Chalet-Hôtel La Marmotte, La Tapiaz & SPA, The Originals Relais (Hotel-Chalet de Tradition)",Les Gets,,19
1692572660-110,24/04/2023,14/05/2023,17/05/2023,294,294,Chambre Lit Queen-Size Standard - Non-Fumeurs,,Auberge de l'Orangerie - Sure Hotel Collection by Best Western,Sallanches,,19
1692572660-111,24/04/2023,14/05/2023,17/05/2023,287,287,Chambre Double Confort,,Accueil Savoyard,Mieussy,,19
1692572660-112,24/04/2023,14/05/2023,17/05/2023,203,203,Chambre Double - Vue sur Montagne,,HOTEL Le TOURISME,Passy,,19
1692572660-113,24/04/2023,14/05/2023,17/05/2023,330,330,Petite Chambre Double,,Hotel Rhodos Morzine,Morzine,,19
1692572660-114,24/04/2023,14/05/2023,17/05/2023,326,326,Chambre Double,,Le Charvet,Cordon,,19
1692572660-115,24/04/2023,14/05/2023,17/05/2023,533,533,Suite - Vue sur Montagne,,Le Chalet Hôtel Cordon,Cordon,,19
1692572660-116,24/04/2023,14/05/2023,17/05/2023,230,230,Chambre Double - Mansardée,,Chalet Les Rhodos,Cordon,,19
1692572660-117,24/04/2023,14/05/2023,17/05/2023,228,228,Chambre Lits Jumeaux Standard,,Heyday Chalet,Montriond,,19
1692572660-118,24/04/2023,14/05/2023,17/05/2023,276,276,Chambre Double,,Auberge Les Gorges De La Diosaz,Servoz,,19
1692572660-119,24/04/2023,14/05/2023,17/05/2023,207,207,Chambre Lits Jumeaux,,Hotel Terminus,Saint-Gervais-les-Bains,,19
1692572660-120,24/04/2023,14/05/2023,17/05/2023,308,308,Chambre Double Supérieure,,Le Saint Gervais Hotel & Spa Handwritten Collection,Saint-Gervais-les-Bains,,19
1692572660-121,24/04/2023,14/05/2023,17/05/2023,429,429,Chambre Double - Vue sur Piscine - 8,,Le Coin Savoyard,Combloux,,19
1692572660-122,24/04/2023,14/05/2023,17/05/2023,203,203,Chambre Double Classique,,Hôtel Val d'Este,Saint-Gervais-les-Bains,,19
1692572660-123,24/04/2023,14/05/2023,17/05/2023,1008,1008,Chambre Double Deluxe avec Balcon,,Magic Megève Bois,Demi-Quartier,,19
1692572660-124,24/04/2023,14/05/2023,17/05/2023,661,661,Chambre Supérieure Double ou Twin avec Terrasse et Vue sur le Mont d'Arbois et le Mont-Blanc,,Hôtel Arbois Bettex,Saint-Gervais-les-Bains,,19
1692572660-125,24/04/2023,14/05/2023,17/05/2023,530,530,Cottage,,Guest House du Grand Paradis,Champéry,,19
1692572660-126,24/04/2023,14/05/2023,17/05/2023,506,506,Chambre Double ou Lits Jumeaux Classique,,Hôtel Grandes Rousses,L'Alpe-d'Huez,,19
1692572660-141,24/04/2023,14/05/2023,17/05/2023,202,202,Chambre Double,,Hotel des Alpes,Die,,19
1692572660-142,24/04/2023,14/05/2023,17/05/2023,303,303,Chambre Double,,La Saleine,Crest,,19
1692572660-143,24/04/2023,14/05/2023,17/05/2023,331,331,Chambre Lits Jumeaux,,Auberge La Plaine,Chabrillan,,19
1692572660-144,24/04/2023,14/05/2023,17/05/2023,281,281,Chambre Double,,Hotel Restaurant La Martiniere,Montélier,,19
1692572660-145,24/04/2023,14/05/2023,17/05/2023,306,306,Chambre Double,,Hôtel Les Portes du Vercors,Saint-Marcellin,,19
1692572660-146,24/04/2023,14/05/2023,17/05/2023,239,239,Chambre Double ou Lits Jumeaux,,Hotel Beau Rivage,Pont-en-Royans,,19
1692572660-147,24/04/2023,14/05/2023,17/05/2023,269,269,Chambre Double,,Hotel du Col de l'Arc,Lans-en-Vercors,,19
1692572660-148,24/04/2023,14/05/2023,17/05/2023,211,211,Chambre Double avec Toilettes Communes,,Le Jorjane,Choranche,,19
1692572660-149,24/04/2023,14/05/2023,17/05/2023,224,224,Chambre Double,,Hôtel du Centre,Villard-de-Lans,,19
1692572660-150,24/04/2023,14/05/2023,17/05/2023,263,263,Chambre Double,,Hôtel Au Feu De Bois bar à vin le 1605,Autrans,,19
1692572660-151,24/04/2023,14/05/2023,17/05/2023,335,335,Chambre Double ou Lits Jumeaux,,Logis Le Vernay,Autrans,,19
1692572660-152,24/04/2023,14/05/2023,17/05/2023,225,225,Chambre Double,,Le Saint Domingue,Die,,19
1692572660-153,24/04/2023,14/05/2023,17/05/2023,227,227,Chambre Double - Mansardée,,Auberge des Montauds,Villard-de-Lans,,19
1692572660-154,24/04/2023,14/05/2023,17/05/2023,382,382,Chambre Double,,Hôtel Le Dauphin,Villard-de-Lans,,19
1692572660-155,24/04/2023,14/05/2023,17/05/2023,278,278,Chambre Double,,La Ferme du Bois Barbu,Villard-de-Lans,,19
1692572660-156,24/04/2023,14/05/2023,17/05/2023,376,376,Chambre Double,,Le Castel Fleuri,Saint-Jean-en-Royans,,19
1692572660-157,24/04/2023,14/05/2023,17/05/2023,440,440,Chambre Double Standard,,L'Escale de Die,Die,,19
1692572660-158,24/04/2023,14/05/2023,17/05/2023,442,442,Chambre Double Standard,,Hotel Les Playes,Villard-de-Lans,,19
1692572660-159,24/04/2023,14/05/2023,17/05/2023,427,427,Chambre Double Standard,,Joy Villard de Lans,Villard-de-Lans,,19
1692572660-160,24/04/2023,14/05/2023,17/05/2023,329,329,Chambre Familiale,,Hôtel Bellier,La Chapelle-en-Vercors,,19
1692572660-161,24/04/2023,14/05/2023,17/05/2023,213,213,Chambre Double Économique avec Toilettes Communes,,Les 4 Montagnes,Villard-de-Lans,,19
1692572660-162,24/04/2023,14/05/2023,17/05/2023,497,497,Chambre Double,,Hotel du Golf,Corrençon-en-Vercors,,19
1692572660-163,24/04/2023,14/05/2023,17/05/2023,319,319,Chambre Double ou Lits Jumeaux Classique Plus,,Chamois d'Or Hotel,Les Gets,,19
1692572660-164,24/04/2023,14/05/2023,17/05/2023,650,650,Chambre Standard,,Hôtel National Resort & Spa,Champéry,,19
1692572660-165,24/04/2023,14/05/2023,17/05/2023,432,432,Chambre Double Supérieure,,Le White,Champéry,,19
1692572660-166,24/04/2023,14/05/2023,17/05/2023,635,635,Chambre Double Classique (2 Adultes),,"Chalet-Hôtel La Marmotte, La Tapiaz & SPA, The Originals Relais (Hotel-Chalet de Tradition)",Les Gets,,19
1692572660-167,24/04/2023,14/05/2023,17/05/2023,519,519,Chambre Double Économique - Vue sur Village,,Hotel Suisse,Champéry,,19
1692572660-168,24/04/2023,14/05/2023,17/05/2023,664,664,Chambre Double,,Boutique-Hôtel Chez Jan,Morgins,,19
1692572660-169,24/04/2023,14/05/2023,17/05/2023,365,365,Chambre Double,,Le Castellan,Châtel,,19
1692572660-170,24/04/2023,14/05/2023,17/05/2023,330,330,Petite Chambre Double,,Hotel Rhodos Morzine,Morzine,,19
1692572660-188,24/04/2023,14/05/2023,17/05/2023,319,319,Chambre Double ou Lits Jumeaux Classique Plus,,Chamois d'Or Hotel,Les Gets,,19
1692572660-189,24/04/2023,14/05/2023,17/05/2023,650,650,Chambre Standard,,Hôtel National Resort & Spa,Champéry,,19
1692572660-190,24/04/2023,14/05/2023,17/05/2023,432,432,Chambre Double Supérieure,,Le White,Champéry,,19
1692572660-191,24/04/2023,14/05/2023,17/05/2023,635,635,Chambre Double Classique (2 Adultes),,"Chalet-Hôtel La Marmotte, La Tapiaz & SPA, The Originals Relais (Hotel-Chalet de Tradition)",Les Gets,,19
1692572660-192,24/04/2023,14/05/2023,17/05/2023,519,519,Chambre Double Économique - Vue sur Village,,Hotel Suisse,Champéry,,19
1692572660-193,24/04/2023,14/05/2023,17/05/2023,664,664,Chambre Double,,Boutique-Hôtel Chez Jan,Morgins,,19
1692572660-194,24/04/2023,14/05/2023,17/05/2023,365,365,Chambre Double,,Le Castellan,Châtel,,19
1692572660-195,24/04/2023,14/05/2023,17/05/2023,330,330,Petite Chambre Double,,Hotel Rhodos Morzine,Morzine,,19
1692572660-213,24/04/2023,14/05/2023,17/05/2023,319,319,Chambre Double ou Lits Jumeaux Classique Plus,,Chamois d'Or Hotel,Les Gets,,19
1692572660-214,24/04/2023,14/05/2023,17/05/2023,650,650,Chambre Standard,,Hôtel National Resort & Spa,Champéry,,19
1692572660-215,24/04/2023,14/05/2023,17/05/2023,432,432,Chambre Double Supérieure,,Le White,Champéry,,19
1692572660-216,24/04/2023,14/05/2023,17/05/2023,635,635,Chambre Double Classique (2 Adultes),,"Chalet-Hôtel La Marmotte, La Tapiaz & SPA, The Originals Relais (Hotel-Chalet de Tradition)",Les Gets,,19
1692572660-217,24/04/2023,14/05/2023,17/05/2023,519,519,Chambre Double Économique - Vue sur Village,,Hotel Suisse,Champéry,,19
1692572660-218,24/04/2023,14/05/2023,17/05/2023,664,664,Chambre Double,,Boutique-Hôtel Chez Jan,Morgins,,19
1692572660-219,24/04/2023,14/05/2023,17/05/2023,365,365,Chambre Double,,Le Castellan,Châtel,,19
1692572660-220,24/04/2023,14/05/2023,17/05/2023,330,330,Petite Chambre Double,,Hotel Rhodos Morzine,Morzine,,19
1692572660-238,24/04/2023,14/05/2023,17/05/2023,276,276,Chambre Lits Jumeaux,,Hotel Du Commerce,Thônes,,19
1692572660-239,24/04/2023,14/05/2023,17/05/2023,188,188,Chambre Double Économique,,Hotel La Montagne,La Clusaz,,19
1692572660-240,24/04/2023,14/05/2023,17/05/2023,299,299,Petite Chambre Double ou Lits Jumeaux avec Balcon,,Hotel Beauregard,La Clusaz,,19
1692572660-241,24/04/2023,14/05/2023,17/05/2023,261,261,Chambre Double,,Fasthotel Thones,Thônes,,19
1692572660-242,24/04/2023,14/05/2023,17/05/2023,285,285,Chambre Double,,Hôtel Du Midi,Thônes,,19
1692572660-243,24/04/2023,14/05/2023,17/05/2023,264,264,Chambre Double,,Hotel Christiania,La Clusaz,,19
1692572660-244,24/04/2023,14/05/2023,17/05/2023,309,309,Chambre Double Standard,,Logis La Croix-Saint-Maurice,Le Grand-Bornand,,19
1692572660-245,24/04/2023,14/05/2023,17/05/2023,535,535,Chambre Double Confort,,"Hôtel Restaurant ""Les Sapins"" Wellness & Gourmet",Manigod,,19
1692572660-246,24/04/2023,14/05/2023,17/05/2023,1069,1069,Suite,,Chalet-Hôtel Inarpa,La Clusaz,,19
1692572660-247,24/04/2023,14/05/2023,17/05/2023,1304,1304,Suite Junior (2 Adultes),,Les Chalets-Hôtel de la Croix-Fry,Manigod,,19
1692572660-248,24/04/2023,14/05/2023,17/05/2023,486,486,Chambre Double,,AUBERGE DES GLIERES,Thorens-Glières,,19
1692572660-249,24/04/2023,14/05/2023,17/05/2023,281,281,Chambre Double avec Salle de Bains Privative,,Hôtel Flor'Alpes,La Giettaz,,19
1692572660-250,24/04/2023,14/05/2023,17/05/2023,365,365,Chambre Quadruple Standard,,La Mollinière,Notre-Dame-de-Bellecombe,,19
1692572660-251,24/04/2023,14/05/2023,17/05/2023,230,230,Chambre Double - Mansardée,,Chalet Les Rhodos,Cordon,,19
1692572660-252,24/04/2023,14/05/2023,17/05/2023,248,248,Chambre Double Standard,,Logis La Chaumière Saint-Maurice,Thorens-Glières,,19
1692572660-253,24/04/2023,14/05/2023,17/05/2023,533,533,Suite - Vue sur Montagne,,Le Chalet Hôtel Cordon,Cordon,,19
1692572660-254,24/04/2023,14/05/2023,17/05/2023,621,621,Chambre Deluxe,,Hôtel Le Mouton Bleu,Talloires,,19
1692572660-255,24/04/2023,14/05/2023,17/05/2023,602,602,Chambre Double Standard,,Hotel Le Cottage Bise,Talloires,,19
1692572660-256,24/04/2023,14/05/2023,17/05/2023,611,611,Chambre Standard avec Spa et Accès Privé à la Plage,,Hôtel Beau Site Talloires B SPA,Talloires,,19
1692572660-257,24/04/2023,14/05/2023,17/05/2023,873,873,Chambre Double avec Vue sur le Lac,,Abbaye de Talloires,Talloires,,19
1692572660-258,24/04/2023,14/05/2023,17/05/2023,326,326,Chambre Double,,Le Charvet,Cordon,,19
1692572660-259,24/04/2023,14/05/2023,17/05/2023,508,508,Chambre Double Confort avec Vue sur la Forêt,,Le Palace De Menthon,Menthon-Saint-Bernard,,19
1692572660-260,24/04/2023,14/05/2023,17/05/2023,422,422,Chambre Double Classique avec Canapé-Lit,,Novotel Megève Mont-Blanc,Megève,,19
1692572660-261,24/04/2023,14/05/2023,17/05/2023,414,414,Chambre Double Standard,,Au Coin Du Feu,Megève,,19
1692572660-262,24/04/2023,14/05/2023,17/05/2023,431,431,Chambre Double - Côté Montagne,,Hôtel Restaurant Villa Riva,Veyrier-du-Lac,,19
1692572660-263,24/04/2023,14/05/2023,17/05/2023,276,276,Chambre Lits Jumeaux,,Hotel Du Commerce,Thônes,,19
1692572660-264,24/04/2023,14/05/2023,17/05/2023,188,188,Chambre Double Économique,,Hotel La Montagne,La Clusaz,,19
1692572660-265,24/04/2023,14/05/2023,17/05/2023,299,299,Petite Chambre Double ou Lits Jumeaux avec Balcon,,Hotel Beauregard,La Clusaz,,19
1692572660-266,24/04/2023,14/05/2023,17/05/2023,261,261,Chambre Double,,Fasthotel Thones,Thônes,,19
1692572660-267,24/04/2023,14/05/2023,17/05/2023,285,285,Chambre Double,,Hôtel Du Midi,Thônes,,19
1692572660-268,24/04/2023,14/05/2023,17/05/2023,264,264,Chambre Double,,Hotel Christiania,La Clusaz,,19
1692572660-269,24/04/2023,14/05/2023,17/05/2023,309,309,Chambre Double Standard,,Logis La Croix-Saint-Maurice,Le Grand-Bornand,,19
1692572660-270,24/04/2023,14/05/2023,17/05/2023,535,535,Chambre Double Confort,,"Hôtel Restaurant ""Les Sapins"" Wellness & Gourmet",Manigod,,19
1692572660-271,24/04/2023,14/05/2023,17/05/2023,1069,1069,Suite,,Chalet-Hôtel Inarpa,La Clusaz,,19
1692572660-272,24/04/2023,14/05/2023,17/05/2023,1304,1304,Suite Junior (2 Adultes),,Les Chalets-Hôtel de la Croix-Fry,Manigod,,19
1692572660-273,24/04/2023,14/05/2023,17/05/2023,486,486,Chambre Double,,AUBERGE DES GLIERES,Thorens-Glières,,19
1692572660-274,24/04/2023,14/05/2023,17/05/2023,281,281,Chambre Double avec Salle de Bains Privative,,Hôtel Flor'Alpes,La Giettaz,,19
1692572660-275,24/04/2023,14/05/2023,17/05/2023,365,365,Chambre Quadruple Standard,,La Mollinière,Notre-Dame-de-Bellecombe,,19
1692572660-276,24/04/2023,14/05/2023,17/05/2023,230,230,Chambre Double - Mansardée,,Chalet Les Rhodos,Cordon,,19
1692572660-277,24/04/2023,14/05/2023,17/05/2023,248,248,Chambre Double Standard,,Logis La Chaumière Saint-Maurice,Thorens-Glières,,19
1692572660-278,24/04/2023,14/05/2023,17/05/2023,533,533,Suite - Vue sur Montagne,,Le Chalet Hôtel Cordon,Cordon,,19
1692572660-279,24/04/2023,14/05/2023,17/05/2023,621,621,Chambre Deluxe,,Hôtel Le Mouton Bleu,Talloires,,19
1692572660-280,24/04/2023,14/05/2023,17/05/2023,602,602,Chambre Double Standard,,Hotel Le Cottage Bise,Talloires,,19
1692572660-281,24/04/2023,14/05/2023,17/05/2023,611,611,Chambre Standard avec Spa et Accès Privé à la Plage,,Hôtel Beau Site Talloires B SPA,Talloires,,19
1692572660-282,24/04/2023,14/05/2023,17/05/2023,873,873,Chambre Double avec Vue sur le Lac,,Abbaye de Talloires,Talloires,,19
1692572660-283,24/04/2023,14/05/2023,17/05/2023,326,326,Chambre Double,,Le Charvet,Cordon,,19
1692572660-284,24/04/2023,14/05/2023,17/05/2023,508,508,Chambre Double Confort avec Vue sur la Forêt,,Le Palace De Menthon,Menthon-Saint-Bernard,,19
1692572660-285,24/04/2023,14/05/2023,17/05/2023,422,422,Chambre Double Classique avec Canapé-Lit,,Novotel Megève Mont-Blanc,Megève,,19
1692572660-286,24/04/2023,14/05/2023,17/05/2023,414,414,Chambre Double Standard,,Au Coin Du Feu,Megève,,19
1692572660-287,24/04/2023,14/05/2023,17/05/2023,431,431,Chambre Double - Côté Montagne,,Hôtel Restaurant Villa Riva,Veyrier-du-Lac,,19
1692572660-288,24/04/2023,14/05/2023,17/05/2023,276,276,Chambre Lits Jumeaux,,Hotel Du Commerce,Thônes,,19
1692572660-289,24/04/2023,14/05/2023,17/05/2023,188,188,Chambre Double Économique,,Hotel La Montagne,La Clusaz,,19
1692572660-290,24/04/2023,14/05/2023,17/05/2023,299,299,Petite Chambre Double ou Lits Jumeaux avec Balcon,,Hotel Beauregard,La Clusaz,,19
1692572660-291,24/04/2023,14/05/2023,17/05/2023,261,261,Chambre Double,,Fasthotel Thones,Thônes,,19
1692572660-292,24/04/2023,14/05/2023,17/05/2023,285,285,Chambre Double,,Hôtel Du Midi,Thônes,,19
1692572660-293,24/04/2023,14/05/2023,17/05/2023,264,264,Chambre Double,,Hotel Christiania,La Clusaz,,19
1692572660-294,24/04/2023,14/05/2023,17/05/2023,309,309,Chambre Double Standard,,Logis La Croix-Saint-Maurice,Le Grand-Bornand,,19
1692572660-295,24/04/2023,14/05/2023,17/05/2023,535,535,Chambre Double Confort,,"Hôtel Restaurant ""Les Sapins"" Wellness & Gourmet",Manigod,,19
1692572660-296,24/04/2023,14/05/2023,17/05/2023,1069,1069,Suite,,Chalet-Hôtel Inarpa,La Clusaz,,19
1692572660-297,24/04/2023,14/05/2023,17/05/2023,1304,1304,Suite Junior (2 Adultes),,Les Chalets-Hôtel de la Croix-Fry,Manigod,,19
1692572660-298,24/04/2023,14/05/2023,17/05/2023,486,486,Chambre Double,,AUBERGE DES GLIERES,Thorens-Glières,,19
1692572660-299,24/04/2023,14/05/2023,17/05/2023,281,281,Chambre Double avec Salle de Bains Privative,,Hôtel Flor'Alpes,La Giettaz,,19
1692572660-300,24/04/2023,14/05/2023,17/05/2023,365,365,Chambre Quadruple Standard,,La Mollinière,Notre-Dame-de-Bellecombe,,19
1692572660-301,24/04/2023,14/05/2023,17/05/2023,230,230,Chambre Double - Mansardée,,Chalet Les Rhodos,Cordon,,19
1692572660-302,24/04/2023,14/05/2023,17/05/2023,248,248,Chambre Double Standard,,Logis La Chaumière Saint-Maurice,Thorens-Glières,,19
1692572660-303,24/04/2023,14/05/2023,17/05/2023,533,533,Suite - Vue sur Montagne,,Le Chalet Hôtel Cordon,Cordon,,19
1692572660-304,24/04/2023,14/05/2023,17/05/2023,621,621,Chambre Deluxe,,Hôtel Le Mouton Bleu,Talloires,,19
1692572660-305,24/04/2023,14/05/2023,17/05/2023,602,602,Chambre Double Standard,,Hotel Le Cottage Bise,Talloires,,19
1692572660-306,24/04/2023,14/05/2023,17/05/2023,611,611,Chambre Standard avec Spa et Accès Privé à la Plage,,Hôtel Beau Site Talloires B SPA,Talloires,,19
1692572660-307,24/04/2023,14/05/2023,17/05/2023,873,873,Chambre Double avec Vue sur le Lac,,Abbaye de Talloires,Talloires,,19
1692572660-308,24/04/2023,14/05/2023,17/05/2023,326,326,Chambre Double,,Le Charvet,Cordon,,19
1692572660-309,24/04/2023,14/05/2023,17/05/2023,508,508,Chambre Double Confort avec Vue sur la Forêt,,Le Palace De Menthon,Menthon-Saint-Bernard,,19
1692572660-310,24/04/2023,14/05/2023,17/05/2023,422,422,Chambre Double Classique avec Canapé-Lit,,Novotel Megève Mont-Blanc,Megève,,19
1692572660-311,24/04/2023,14/05/2023,17/05/2023,414,414,Chambre Double Standard,,Au Coin Du Feu,Megève,,19
1692572660-312,24/04/2023,14/05/2023,17/05/2023,431,431,Chambre Double - Côté Montagne,,Hôtel Restaurant Villa Riva,Veyrier-du-Lac,,19
1692572660-313,24/04/2023,14/05/2023,17/05/2023,276,276,Chambre Lits Jumeaux,,Hotel Du Commerce,Thônes,,19
1692572660-314,24/04/2023,14/05/2023,17/05/2023,188,188,Chambre Double Économique,,Hotel La Montagne,La Clusaz,,19
1692572660-315,24/04/2023,14/05/2023,17/05/2023,299,299,Petite Chambre Double ou Lits Jumeaux avec Balcon,,Hotel Beauregard,La Clusaz,,19
1692572660-316,24/04/2023,14/05/2023,17/05/2023,261,261,Chambre Double,,Fasthotel Thones,Thônes,,19
1692572660-317,24/04/2023,14/05/2023,17/05/2023,285,285,Chambre Double,,Hôtel Du Midi,Thônes,,19
1692572660-318,24/04/2023,14/05/2023,17/05/2023,264,264,Chambre Double,,Hotel Christiania,La Clusaz,,19
1692572660-319,24/04/2023,14/05/2023,17/05/2023,309,309,Chambre Double Standard,,Logis La Croix-Saint-Maurice,Le Grand-Bornand,,19
1692572660-320,24/04/2023,14/05/2023,17/05/2023,535,535,Chambre Double Confort,,"Hôtel Restaurant ""Les Sapins"" Wellness & Gourmet",Manigod,,19
1692572660-321,24/04/2023,14/05/2023,17/05/2023,1069,1069,Suite,,Chalet-Hôtel Inarpa,La Clusaz,,19
1692572660-322,24/04/2023,14/05/2023,17/05/2023,1304,1304,Suite Junior (2 Adultes),,Les Chalets-Hôtel de la Croix-Fry,Manigod,,19
1692572660-323,24/04/2023,14/05/2023,17/05/2023,486,486,Chambre Double,,AUBERGE DES GLIERES,Thorens-Glières,,19
1692572660-324,24/04/2023,14/05/2023,17/05/2023,281,281,Chambre Double avec Salle de Bains Privative,,Hôtel Flor'Alpes,La Giettaz,,19
1692572660-325,24/04/2023,14/05/2023,17/05/2023,365,365,Chambre Quadruple Standard,,La Mollinière,Notre-Dame-de-Bellecombe,,19
1692572660-326,24/04/2023,14/05/2023,17/05/2023,230,230,Chambre Double - Mansardée,,Chalet Les Rhodos,Cordon,,19
1692572660-327,24/04/2023,14/05/2023,17/05/2023,248,248,Chambre Double Standard,,Logis La Chaumière Saint-Maurice,Thorens-Glières,,19
1692572660-328,24/04/2023,14/05/2023,17/05/2023,533,533,Suite - Vue sur Montagne,,Le Chalet Hôtel Cordon,Cordon,,19
1692572660-329,24/04/2023,14/05/2023,17/05/2023,621,621,Chambre Deluxe,,Hôtel Le Mouton Bleu,Talloires,,19
1692572660-330,24/04/2023,14/05/2023,17/05/2023,602,602,Chambre Double Standard,,Hotel Le Cottage Bise,Talloires,,19
1692572660-331,24/04/2023,14/05/2023,17/05/2023,611,611,Chambre Standard avec Spa et Accès Privé à la Plage,,Hôtel Beau Site Talloires B SPA,Talloires,,19
1692572660-332,24/04/2023,14/05/2023,17/05/2023,873,873,Chambre Double avec Vue sur le Lac,,Abbaye de Talloires,Talloires,,19
1692572660-333,24/04/2023,14/05/2023,17/05/2023,326,326,Chambre Double,,Le Charvet,Cordon,,19
1692572660-334,24/04/2023,14/05/2023,17/05/2023,508,508,Chambre Double Confort avec Vue sur la Forêt,,Le Palace De Menthon,Menthon-Saint-Bernard,,19
1692572660-335,24/04/2023,14/05/2023,17/05/2023,422,422,Chambre Double Classique avec Canapé-Lit,,Novotel Megève Mont-Blanc,Megève,,19
1692572660-336,24/04/2023,14/05/2023,17/05/2023,414,414,Chambre Double Standard,,Au Coin Du Feu,Megève,,19
1692572660-337,24/04/2023,14/05/2023,17/05/2023,431,431,Chambre Double - Côté Montagne,,Hôtel Restaurant Villa Riva,Veyrier-du-Lac,,19
1692572660-338,24/04/2023,14/05/2023,17/05/2023,255,250,Chambre Double,,Hotel Le Chamonix,"Chamonix City Centre, Chamonix-Mont-Blanc",,19
1692572660-339,24/04/2023,14/05/2023,17/05/2023,337,337,Hébergement Économique 2 Personnes,,La Folie Douce Hotels Chamonix,"Chamonix City Centre, Chamonix-Mont-Blanc",,19
1692572660-340,24/04/2023,14/05/2023,17/05/2023,197,197,Chambre Triple avec Lit Superposé,,Ibis Budget Sallanches,Sallanches,,19
1692572660-341,24/04/2023,14/05/2023,17/05/2023,470,470,Chambre Double Supérieure avec Balcon - Vue sur le Massif du Mont-Blanc,,Alpina Eclectic Hotel,"Chamonix City Centre, Chamonix-Mont-Blanc",,19
1692572660-342,24/04/2023,14/05/2023,17/05/2023,348,348,Chambre Double ou Lits Jumeaux avec Vue sur le Mont Blanc,,Chalet Hôtel Le Prieuré,"Chamonix City Centre, Chamonix-Mont-Blanc",,19
1692572660-343,24/04/2023,14/05/2023,17/05/2023,230,230,Chambre Double Économique,,Les Campanules,Les Houches,,19
1692572660-344,24/04/2023,14/05/2023,17/05/2023,448,448,Chambre Triple Supérieure,,Plan B Hotel - Living Chamonix,"Chamonix City Centre, Chamonix-Mont-Blanc",,19
1692572660-345,24/04/2023,14/05/2023,17/05/2023,294,294,Chambre Lit Queen-Size Standard - Non-Fumeurs,,Auberge de l'Orangerie - Sure Hotel Collection by Best Western,Sallanches,,19
1692572660-346,24/04/2023,14/05/2023,17/05/2023,374,374,Chambre Double Sans Vue,,Heliopic Hotel & Spa,"Chamonix City Centre, Chamonix-Mont-Blanc",,19
1692572660-347,24/04/2023,14/05/2023,17/05/2023,242,242,Chambre Double Côté Vallée,,Le Saint Antoine,Les Houches,,19
1692572660-348,24/04/2023,14/05/2023,17/05/2023,301,301,Chambre Double avec Balcon - Côté Brévent,,Chalet Hôtel du Bois,Les Houches,,19
1692572660-349,24/04/2023,14/05/2023,17/05/2023,324,324,Chambre Double - Accessible aux Personnes à Mobilité Réduite ,,Hotel Le Morgane,"Chamonix City Centre, Chamonix-Mont-Blanc",,19
1692572660-350,24/04/2023,14/05/2023,17/05/2023,1008,1008,Chambre Double Deluxe avec Balcon,,Magic Megève Bois,Demi-Quartier,,19
1692572660-351,24/04/2023,14/05/2023,17/05/2023,372,372,Chambre Lits Jumeaux Standard,,Ibis Styles Sallanches Pays du Mont-Blanc,Sallanches,,19
1692572660-352,24/04/2023,14/05/2023,17/05/2023,174,174,Chambre Double Standard,,Vert Lodge Chamonix,Chamonix-Mont-Blanc,,19
1692572660-353,24/04/2023,14/05/2023,17/05/2023,317,317,Chambre Double - Accessible aux Personnes à Mobilité Réduite ,,Hôtel Le Refuge des Aiglons,"Chamonix City Centre, Chamonix-Mont-Blanc",,19
1692572660-354,24/04/2023,14/05/2023,17/05/2023,297,297,Chambre Double Standard,,Hôtel de L'Arve,"Chamonix City Centre, Chamonix-Mont-Blanc",,19
1692572660-355,24/04/2023,14/05/2023,17/05/2023,247,247,Chambre avec 1 Lit Double ou 2 Lits Simples,,ibis Styles Les Houches Chamonix,Les Houches,,19
1692572660-356,24/04/2023,14/05/2023,17/05/2023,358,358,Petite Chambre Double,,Cosmiques Hotel - Centre Chamonix,"Chamonix City Centre, Chamonix-Mont-Blanc",,19
1692572660-357,24/04/2023,14/05/2023,17/05/2023,230,230,Chambre Double - Mansardée,,Chalet Les Rhodos,Cordon,,19
1692572660-358,24/04/2023,14/05/2023,17/05/2023,422,422,Chambre Double Classique avec Canapé-Lit,,Novotel Megève Mont-Blanc,Megève,,19
1692572660-359,24/04/2023,14/05/2023,17/05/2023,240,240,Chambre Double Classique,,Excelsior Chamonix Hôtel & Spa,"Les Tines, Chamonix-Mont-Blanc",,19
1692572660-360,24/04/2023,14/05/2023,17/05/2023,216,216,Chambre Standard avec 1 Lit Double et 1 Lit Simple,,Ibis Hôtel Sallanches,Sallanches,,19
1692572660-361,24/04/2023,14/05/2023,17/05/2023,317,317,Chambre Classique avec Balcon,,Mercure Chamonix Centre,"Chamonix City Centre, Chamonix-Mont-Blanc",,19
1692572660-362,24/04/2023,14/05/2023,17/05/2023,313,313,Chambre Double Classique,,Les Gourmets - Chalet Hotel,"Chamonix City Centre, Chamonix-Mont-Blanc",,19
1692572660-363,24/04/2023,14/05/2023,17/05/2023,255,250,Chambre Double,,Hotel Le Chamonix,"Chamonix City Centre, Chamonix-Mont-Blanc",,19
1692572660-364,24/04/2023,14/05/2023,17/05/2023,337,337,Hébergement Économique 2 Personnes,,La Folie Douce Hotels Chamonix,"Chamonix City Centre, Chamonix-Mont-Blanc",,19
1692572660-365,24/04/2023,14/05/2023,17/05/2023,197,197,Chambre Triple avec Lit Superposé,,Ibis Budget Sallanches,Sallanches,,19
1692572660-366,24/04/2023,14/05/2023,17/05/2023,470,470,Chambre Double Supérieure avec Balcon - Vue sur le Massif du Mont-Blanc,,Alpina Eclectic Hotel,"Chamonix City Centre, Chamonix-Mont-Blanc",,19
1692572660-367,24/04/2023,14/05/2023,17/05/2023,348,348,Chambre Double ou Lits Jumeaux avec Vue sur le Mont Blanc,,Chalet Hôtel Le Prieuré,"Chamonix City Centre, Chamonix-Mont-Blanc",,19
1692572660-368,24/04/2023,14/05/2023,17/05/2023,230,230,Chambre Double Économique,,Les Campanules,Les Houches,,19
1692572660-369,24/04/2023,14/05/2023,17/05/2023,448,448,Chambre Triple Supérieure,,Plan B Hotel - Living Chamonix,"Chamonix City Centre, Chamonix-Mont-Blanc",,19
1692572660-370,24/04/2023,14/05/2023,17/05/2023,294,294,Chambre Lit Queen-Size Standard - Non-Fumeurs,,Auberge de l'Orangerie - Sure Hotel Collection by Best Western,Sallanches,,19
1692572660-371,24/04/2023,14/05/2023,17/05/2023,374,374,Chambre Double Sans Vue,,Heliopic Hotel & Spa,"Chamonix City Centre, Chamonix-Mont-Blanc",,19
1692572660-372,24/04/2023,14/05/2023,17/05/2023,242,242,Chambre Double Côté Vallée,,Le Saint Antoine,Les Houches,,19
1692572660-373,24/04/2023,14/05/2023,17/05/2023,301,301,Chambre Double avec Balcon - Côté Brévent,,Chalet Hôtel du Bois,Les Houches,,19
1692572660-374,24/04/2023,14/05/2023,17/05/2023,324,324,Chambre Double - Accessible aux Personnes à Mobilité Réduite ,,Hotel Le Morgane,"Chamonix City Centre, Chamonix-Mont-Blanc",,19
1692572660-375,24/04/2023,14/05/2023,17/05/2023,1008,1008,Chambre Double Deluxe avec Balcon,,Magic Megève Bois,Demi-Quartier,,19
1692572660-376,24/04/2023,14/05/2023,17/05/2023,372,372,Chambre Lits Jumeaux Standard,,Ibis Styles Sallanches Pays du Mont-Blanc,Sallanches,,19
1692572660-377,24/04/2023,14/05/2023,17/05/2023,174,174,Chambre Double Standard,,Vert Lodge Chamonix,Chamonix-Mont-Blanc,,19
1692572660-378,24/04/2023,14/05/2023,17/05/2023,317,317,Chambre Double - Accessible aux Personnes à Mobilité Réduite ,,Hôtel Le Refuge des Aiglons,"Chamonix City Centre, Chamonix-Mont-Blanc",,19
1692572660-379,24/04/2023,14/05/2023,17/05/2023,297,297,Chambre Double Standard,,Hôtel de L'Arve,"Chamonix City Centre, Chamonix-Mont-Blanc",,19
1692572660-380,24/04/2023,14/05/2023,17/05/2023,247,247,Chambre avec 1 Lit Double ou 2 Lits Simples,,ibis Styles Les Houches Chamonix,Les Houches,,19
1692572660-381,24/04/2023,14/05/2023,17/05/2023,358,358,Petite Chambre Double,,Cosmiques Hotel - Centre Chamonix,"Chamonix City Centre, Chamonix-Mont-Blanc",,19
1692572660-382,24/04/2023,14/05/2023,17/05/2023,230,230,Chambre Double - Mansardée,,Chalet Les Rhodos,Cordon,,19
1692572660-383,24/04/2023,14/05/2023,17/05/2023,422,422,Chambre Double Classique avec Canapé-Lit,,Novotel Megève Mont-Blanc,Megève,,19
1692572660-384,24/04/2023,14/05/2023,17/05/2023,240,240,Chambre Double Classique,,Excelsior Chamonix Hôtel & Spa,"Les Tines, Chamonix-Mont-Blanc",,19
1692572660-385,24/04/2023,14/05/2023,17/05/2023,216,216,Chambre Standard avec 1 Lit Double et 1 Lit Simple,,Ibis Hôtel Sallanches,Sallanches,,19
1692572660-386,24/04/2023,14/05/2023,17/05/2023,317,317,Chambre Classique avec Balcon,,Mercure Chamonix Centre,"Chamonix City Centre, Chamonix-Mont-Blanc",,19
1692572660-387,24/04/2023,14/05/2023,17/05/2023,313,313,Chambre Double Classique,,Les Gourmets - Chalet Hotel,"Chamonix City Centre, Chamonix-Mont-Blanc",,19
1692572660-388,24/04/2023,14/05/2023,17/05/2023,255,250,Chambre Double,,Hotel Le Chamonix,"Chamonix City Centre, Chamonix-Mont-Blanc",,19
1692572660-389,24/04/2023,14/05/2023,17/05/2023,337,337,Hébergement Économique 2 Personnes,,La Folie Douce Hotels Chamonix,"Chamonix City Centre, Chamonix-Mont-Blanc",,19
1692572660-390,24/04/2023,14/05/2023,17/05/2023,197,197,Chambre Triple avec Lit Superposé,,Ibis Budget Sallanches,Sallanches,,19
1692572660-391,24/04/2023,14/05/2023,17/05/2023,470,470,Chambre Double Supérieure avec Balcon - Vue sur le Massif du Mont-Blanc,,Alpina Eclectic Hotel,"Chamonix City Centre, Chamonix-Mont-Blanc",,19
1692572660-392,24/04/2023,14/05/2023,17/05/2023,348,348,Chambre Double ou Lits Jumeaux avec Vue sur le Mont Blanc,,Chalet Hôtel Le Prieuré,"Chamonix City Centre, Chamonix-Mont-Blanc",,19
1692572660-393,24/04/2023,14/05/2023,17/05/2023,230,230,Chambre Double Économique,,Les Campanules,Les Houches,,19
1692572660-394,24/04/2023,14/05/2023,17/05/2023,448,448,Chambre Triple Supérieure,,Plan B Hotel - Living Chamonix,"Chamonix City Centre, Chamonix-Mont-Blanc",,19
1692572660-395,24/04/2023,14/05/2023,17/05/2023,294,294,Chambre Lit Queen-Size Standard - Non-Fumeurs,,Auberge de l'Orangerie - Sure Hotel Collection by Best Western,Sallanches,,19
1692572660-396,24/04/2023,14/05/2023,17/05/2023,374,374,Chambre Double Sans Vue,,Heliopic Hotel & Spa,"Chamonix City Centre, Chamonix-Mont-Blanc",,19
1692572660-397,24/04/2023,14/05/2023,17/05/2023,242,242,Chambre Double Côté Vallée,,Le Saint Antoine,Les Houches,,19
1692572660-398,24/04/2023,14/05/2023,17/05/2023,301,301,Chambre Double avec Balcon - Côté Brévent,,Chalet Hôtel du Bois,Les Houches,,19
1692572660-399,24/04/2023,14/05/2023,17/05/2023,324,324,Chambre Double - Accessible aux Personnes à Mobilité Réduite ,,Hotel Le Morgane,"Chamonix City Centre, Chamonix-Mont-Blanc",,19
1692572660-400,24/04/2023,14/05/2023,17/05/2023,1008,1008,Chambre Double Deluxe avec Balcon,,Magic Megève Bois,Demi-Quartier,,19
1692572660-401,24/04/2023,14/05/2023,17/05/2023,372,372,Chambre Lits Jumeaux Standard,,Ibis Styles Sallanches Pays du Mont-Blanc,Sallanches,,19
1692572660-402,24/04/2023,14/05/2023,17/05/2023,174,174,Chambre Double Standard,,Vert Lodge Chamonix,Chamonix-Mont-Blanc,,19
1692572660-403,24/04/2023,14/05/2023,17/05/2023,317,317,Chambre Double - Accessible aux Personnes à Mobilité Réduite ,,Hôtel Le Refuge des Aiglons,"Chamonix City Centre, Chamonix-Mont-Blanc",,19
1692572660-404,24/04/2023,14/05/2023,17/05/2023,297,297,Chambre Double Standard,,Hôtel de L'Arve,"Chamonix City Centre, Chamonix-Mont-Blanc",,19
1692572660-405,24/04/2023,14/05/2023,17/05/2023,247,247,Chambre avec 1 Lit Double ou 2 Lits Simples,,ibis Styles Les Houches Chamonix,Les Houches,,19
1692572660-406,24/04/2023,14/05/2023,17/05/2023,358,358,Petite Chambre Double,,Cosmiques Hotel - Centre Chamonix,"Chamonix City Centre, Chamonix-Mont-Blanc",,19
1692572660-407,24/04/2023,14/05/2023,17/05/2023,230,230,Chambre Double - Mansardée,,Chalet Les Rhodos,Cordon,,19
1692572660-408,24/04/2023,14/05/2023,17/05/2023,422,422,Chambre Double Classique avec Canapé-Lit,,Novotel Megève Mont-Blanc,Megève,,19
1692572660-409,24/04/2023,14/05/2023,17/05/2023,240,240,Chambre Double Classique,,Excelsior Chamonix Hôtel & Spa,"Les Tines, Chamonix-Mont-Blanc",,19
1692572660-410,24/04/2023,14/05/2023,17/05/2023,216,216,Chambre Standard avec 1 Lit Double et 1 Lit Simple,,Ibis Hôtel Sallanches,Sallanches,,19
1692572660-411,24/04/2023,14/05/2023,17/05/2023,317,317,Chambre Classique avec Balcon,,Mercure Chamonix Centre,"Chamonix City Centre, Chamonix-Mont-Blanc",,19
1692572660-412,24/04/2023,14/05/2023,17/05/2023,313,313,Chambre Double Classique,,Les Gourmets - Chalet Hotel,"Chamonix City Centre, Chamonix-Mont-Blanc",,19
1692572660-413,24/04/2023,14/05/2023,17/05/2023,250,250,Chambre Double,,Hôtel de l'Europe,Saint-Jean-de-Maurienne,,19
1692572660-414,24/04/2023,14/05/2023,17/05/2023,298,298,Chambre Double,,Hôtel Saint-Georges,Saint-Jean-de-Maurienne,,19
1692572660-415,24/04/2023,14/05/2023,17/05/2023,198,198,Chambre Double - Non-Fumeurs ,,Hôtel Le Marintan,Saint-Michel-de-Maurienne,,19
1692572660-416,24/04/2023,14/05/2023,17/05/2023,235,235,Chambre Lits Jumeaux - Vue sur Montagne,,B&B HOTEL Saint Jean De Maurienne,Sainte-Marie-de-Cuines,,19
1692572660-417,24/04/2023,14/05/2023,17/05/2023,218,218,Chambre Double ou Lits Jumeaux Standard,,Savoy Hotel & Restaurant,Saint-Michel-de-Maurienne,,19
1692572660-418,24/04/2023,14/05/2023,17/05/2023,264,264,Chambre Double,,ALPAZUR Val Cenis,Lanslebourg-Mont-Cenis,,19
1692572660-419,24/04/2023,14/05/2023,17/05/2023,258,258,Chambre Double avec Salle de Bains Privative,,Chalet 1200,Saint-François-Longchamp,,19
1692572660-420,24/04/2023,14/05/2023,17/05/2023,469,469,Chambre Double ou Lits Jumeaux,,"Chalet-Hôtel Le Beausoleil, The Originals Relais (Hotel-Chalet de Tradition)",La Toussuire,,19
1692572660-421,24/04/2023,14/05/2023,17/05/2023,398,398,Chambre Triple – Vue sur Montagne,,Hôtel du Soleil,Aillon-le-Jeune,,19
1692572660-422,24/04/2023,14/05/2023,17/05/2023,175,175,Chambre Double Standard,,Hôtel Restaurant Arcalod,Doussard,,19
1692572660-423,24/04/2023,14/05/2023,17/05/2023,260,260,Chambre Double - Vue sur Montagne,,Hotel Restaurant MAZIN,La Motte-en-Beauges,,19
1692572660-424,24/04/2023,14/05/2023,17/05/2023,236,236,Chambre Double Standard,,"Hôtel de Genève , Faverges-Seythenex 74210, Haute Savoie",Faverges,,19
1692572660-425,24/04/2023,14/05/2023,17/05/2023,337,337,Chambre Double Classique,,Hotel Du Parc - Manoir Du Baron Blanc,Faverges,,19
1692572660-426,24/04/2023,14/05/2023,17/05/2023,290,290,Chambre Double,,Auberge Le Semnoz,Saint-Jorioz,,19
1692572660-427,24/04/2023,14/05/2023,17/05/2023,296,296,Chambre Double - Accessible aux Personnes à Mobilité Réduite ,,Brit Hotel Florimont,Saint-Ferréol,,19
1692572660-428,24/04/2023,14/05/2023,17/05/2023,365,365,Chambre Double - Vue sur Montagne,,Auberge Du Roselet,Duingt,,19
1692572660-429,24/04/2023,14/05/2023,17/05/2023,1284,1284,Chambre Double avec Terrasse,,"Villa Caroline, hôtel santé bien-être Lac d'Annecy, détox et jeûne",Duingt,,19
1692572660-430,24/04/2023,14/05/2023,17/05/2023,137,137,Chambre Triple Standard,,ibis budget Aix Les Bains - Grésy,Grésy-sur-Aix,,19
1692572660-446,24/04/2023,14/05/2023,17/05/2023,398,398,Chambre Triple – Vue sur Montagne,,Hôtel du Soleil,Aillon-le-Jeune,,19
1692572660-447,24/04/2023,14/05/2023,17/05/2023,175,175,Chambre Double Standard,,Hôtel Restaurant Arcalod,Doussard,,19
1692572660-448,24/04/2023,14/05/2023,17/05/2023,260,260,Chambre Double - Vue sur Montagne,,Hotel Restaurant MAZIN,La Motte-en-Beauges,,19
1692572660-449,24/04/2023,14/05/2023,17/05/2023,236,236,Chambre Double Standard,,"Hôtel de Genève , Faverges-Seythenex 74210, Haute Savoie",Faverges,,19
1692572660-450,24/04/2023,14/05/2023,17/05/2023,337,337,Chambre Double Classique,,Hotel Du Parc - Manoir Du Baron Blanc,Faverges,,19
1692572660-451,24/04/2023,14/05/2023,17/05/2023,290,290,Chambre Double,,Auberge Le Semnoz,Saint-Jorioz,,19
1692572660-452,24/04/2023,14/05/2023,17/05/2023,296,296,Chambre Double - Accessible aux Personnes à Mobilité Réduite ,,Brit Hotel Florimont,Saint-Ferréol,,19
1692572660-453,24/04/2023,14/05/2023,17/05/2023,365,365,Chambre Double - Vue sur Montagne,,Auberge Du Roselet,Duingt,,19
1692572660-454,24/04/2023,14/05/2023,17/05/2023,1284,1284,Chambre Double avec Terrasse,,"Villa Caroline, hôtel santé bien-être Lac d'Annecy, détox et jeûne",Duingt,,19
1692572660-455,24/04/2023,14/05/2023,17/05/2023,137,137,Chambre Triple Standard,,ibis budget Aix Les Bains - Grésy,Grésy-sur-Aix,,19
1692572660-471,24/04/2023,14/05/2023,17/05/2023,398,398,Chambre Triple – Vue sur Montagne,,Hôtel du Soleil,Aillon-le-Jeune,,19
1692572660-472,24/04/2023,14/05/2023,17/05/2023,175,175,Chambre Double Standard,,Hôtel Restaurant Arcalod,Doussard,,19
1692572660-473,24/04/2023,14/05/2023,17/05/2023,260,260,Chambre Double - Vue sur Montagne,,Hotel Restaurant MAZIN,La Motte-en-Beauges,,19
1692572660-474,24/04/2023,14/05/2023,17/05/2023,236,236,Chambre Double Standard,,"Hôtel de Genève , Faverges-Seythenex 74210, Haute Savoie",Faverges,,19
1692572660-475,24/04/2023,14/05/2023,17/05/2023,337,337,Chambre Double Classique,,Hotel Du Parc - Manoir Du Baron Blanc,Faverges,,19
1692572660-476,24/04/2023,14/05/2023,17/05/2023,290,290,Chambre Double,,Auberge Le Semnoz,Saint-Jorioz,,19
1692572660-477,24/04/2023,14/05/2023,17/05/2023,296,296,Chambre Double - Accessible aux Personnes à Mobilité Réduite ,,Brit Hotel Florimont,Saint-Ferréol,,19
1692572660-478,24/04/2023,14/05/2023,17/05/2023,365,365,Chambre Double - Vue sur Montagne,,Auberge Du Roselet,Duingt,,19
1692572660-479,24/04/2023,14/05/2023,17/05/2023,1284,1284,Chambre Double avec Terrasse,,"Villa Caroline, hôtel santé bien-être Lac d'Annecy, détox et jeûne",Duingt,,19
1692572660-480,24/04/2023,14/05/2023,17/05/2023,137,137,Chambre Triple Standard,,ibis budget Aix Les Bains - Grésy,Grésy-sur-Aix,,19
1692572660-496,24/04/2023,14/05/2023,17/05/2023,398,398,Chambre Triple – Vue sur Montagne,,Hôtel du Soleil,Aillon-le-Jeune,,19
1692572660-497,24/04/2023,14/05/2023,17/05/2023,175,175,Chambre Double Standard,,Hôtel Restaurant Arcalod,Doussard,,19
1692572660-498,24/04/2023,14/05/2023,17/05/2023,260,260,Chambre Double - Vue sur Montagne,,Hotel Restaurant MAZIN,La Motte-en-Beauges,,19
1692572660-499,24/04/2023,14/05/2023,17/05/2023,236,236,Chambre Double Standard,,"Hôtel de Genève , Faverges-Seythenex 74210, Haute Savoie",Faverges,,19
1692572660-500,24/04/2023,14/05/2023,17/05/2023,337,337,Chambre Double Classique,,Hotel Du Parc - Manoir Du Baron Blanc,Faverges,,19
1692572660-501,24/04/2023,14/05/2023,17/05/2023,290,290,Chambre Double,,Auberge Le Semnoz,Saint-Jorioz,,19
1692572660-502,24/04/2023,14/05/2023,17/05/2023,296,296,Chambre Double - Accessible aux Personnes à Mobilité Réduite ,,Brit Hotel Florimont,Saint-Ferréol,,19
1692572660-503,24/04/2023,14/05/2023,17/05/2023,365,365,Chambre Double - Vue sur Montagne,,Auberge Du Roselet,Duingt,,19
1692572660-504,24/04/2023,14/05/2023,17/05/2023,1284,1284,Chambre Double avec Terrasse,,"Villa Caroline, hôtel santé bien-être Lac d'Annecy, détox et jeûne",Duingt,,19
1692572660-505,24/04/2023,14/05/2023,17/05/2023,137,137,Chambre Triple Standard,,ibis budget Aix Les Bains - Grésy,Grésy-sur-Aix,,19
1692572660-521,24/04/2023,14/05/2023,17/05/2023,305,305,Chambre Double - Versant Nord,,Base Camp Lodge Hotels,Bourg-Saint-Maurice,,19
1692572660-522,24/04/2023,14/05/2023,17/05/2023,232,232,Chambre Double ou Lits Jumeaux Standard,,Hotel Inn Design Moutiers,Moutiers,,19
1692572660-523,24/04/2023,14/05/2023,17/05/2023,233,233,Chambre Lits Jumeaux,,Hôtel le Welcome,Moutiers,,19
1692572660-524,24/04/2023,14/05/2023,17/05/2023,385,385,Chambre Double ou Lits Jumeaux Standard,,Hotel des Alpes,Brides-les-Bains,,19
1692572660-525,24/04/2023,14/05/2023,17/05/2023,261,261,Chambre Double Classique ,,Mercure Brides Les Bains Grand Hôtel des Thermes,Brides-les-Bains,,19
1692572660-526,24/04/2023,14/05/2023,17/05/2023,293,293,Chambre Double Standard avec Salle de Bains Privative et Toilettes Communes ,,Hôtel La Petite Auberge,Bourg-Saint-Maurice,,19
1692572660-527,24/04/2023,14/05/2023,17/05/2023,295,295,Chambre Lits Jumeaux,,Hotel Autantic,Bourg-Saint-Maurice,,19
1692572660-528,24/04/2023,14/05/2023,17/05/2023,327,327,Chambre Double ou Lits Jumeaux,,Hotel L'alpin,Landry,,19
1692572660-529,24/04/2023,14/05/2023,17/05/2023,358,358,Chambre Double Classique,,Savoy Hôtel,Brides-les-Bains,,19
1692572660-530,24/04/2023,14/05/2023,17/05/2023,1008,1008,Appartement 2 Chambres,,Lodji Hotel & Résidence,Saint-Martin-de-Belleville,,19
1692572660-531,24/04/2023,14/05/2023,17/05/2023,370,370,Chambre Double Classique,,Golf Hôtel,Brides-les-Bains,,19
1692572660-532,24/04/2023,14/05/2023,17/05/2023,307,307,Chambre Lits Jumeaux avec Accès Spa,,Hôtel Restaurant La Tourmaline,Aime-La-Plagne,,19
1692572660-533,24/04/2023,14/05/2023,17/05/2023,430,430,Chambre Double Classique,,Hotel Amélie,Brides-les-Bains,,19
1692572660-534,24/04/2023,14/05/2023,17/05/2023,337,337,Chambre Double Village,,La Vanoise 1825,Brides-les-Bains,,19
1692572660-535,24/04/2023,14/05/2023,17/05/2023,454,454,Chambre Classique,,Hotel Athena,Brides-les-Bains,,19
1692572660-536,24/04/2023,14/05/2023,17/05/2023,182,182,Chambre Double avec Salle de Bains Commune,,Le Perce Neige d'Alicia,Sainte-Foy-Tarentaise,,19
1692572660-537,24/04/2023,14/05/2023,17/05/2023,697,697,Chambre Double ou Lits Jumeaux,,Hotel Les Chalets,Brides-les-Bains,,19
1692572660-538,24/04/2023,14/05/2023,17/05/2023,292,292,Chambre Double,,Hotel Radiana,La Léchère,,19
1692572660-539,24/04/2023,14/05/2023,17/05/2023,260,260,Chambre Double,,La Darentasia,La Léchère,,19
1692572660-540,24/04/2023,14/05/2023,17/05/2023,264,264,Chambre Double,,ALPAZUR Val Cenis,Lanslebourg-Mont-Cenis,,19
1692572660-541,24/04/2023,14/05/2023,17/05/2023,197,197,Chambre Double,,B&B HOTEL Gap,Gap,,19
1692572660-542,24/04/2023,14/05/2023,17/05/2023,278,278,Chambre Double Standard,,Hôtel Les Flots Bleus,Savines,,19
1692572660-543,24/04/2023,14/05/2023,17/05/2023,206,206,Chambre Double avec Douche,,Hôtel Mont-Brison,Briançon,,19
1692572660-544,24/04/2023,14/05/2023,17/05/2023,396,396,Chambre Double ou Lits Jumeaux Supérieure,,Les Olivades,Gap,,19
1692572660-545,24/04/2023,14/05/2023,17/05/2023,456,456,Chambre en Duplex ,,Lautaret Lodge & Spa,Le Monêtier-les-Bains,,19
1692572660-546,24/04/2023,14/05/2023,17/05/2023,289,261,Chambre Classique,,Suite Home Briancon Serre Chevalier,Briançon,,19
1692572660-566,24/04/2023,14/05/2023,17/05/2023,197,197,Chambre Double,,B&B HOTEL Gap,Gap,,19
1692572660-567,24/04/2023,14/05/2023,17/05/2023,278,278,Chambre Double Standard,,Hôtel Les Flots Bleus,Savines,,19
1692572660-568,24/04/2023,14/05/2023,17/05/2023,206,206,Chambre Double avec Douche,,Hôtel Mont-Brison,Briançon,,19
1692572660-569,24/04/2023,14/05/2023,17/05/2023,396,396,Chambre Double ou Lits Jumeaux Supérieure,,Les Olivades,Gap,,19
1692572660-570,24/04/2023,14/05/2023,17/05/2023,456,456,Chambre en Duplex ,,Lautaret Lodge & Spa,Le Monêtier-les-Bains,,19
1692572660-571,24/04/2023,14/05/2023,17/05/2023,289,261,Chambre Classique,,Suite Home Briancon Serre Chevalier,Briançon,,19
1692572660-591,24/04/2023,14/05/2023,17/05/2023,197,197,Chambre Double,,B&B HOTEL Gap,Gap,,19
1692572660-592,24/04/2023,14/05/2023,17/05/2023,278,278,Chambre Double Standard,,Hôtel Les Flots Bleus,Savines,,19
1692572660-593,24/04/2023,14/05/2023,17/05/2023,206,206,Chambre Double avec Douche,,Hôtel Mont-Brison,Briançon,,19
1692572660-594,24/04/2023,14/05/2023,17/05/2023,396,396,Chambre Double ou Lits Jumeaux Supérieure,,Les Olivades,Gap,,19
1692572660-595,24/04/2023,14/05/2023,17/05/2023,456,456,Chambre en Duplex ,,Lautaret Lodge & Spa,Le Monêtier-les-Bains,,19
1692572660-596,24/04/2023,14/05/2023,17/05/2023,289,261,Chambre Classique,,Suite Home Briancon Serre Chevalier,Briançon,,19
1692572660-616,24/04/2023,14/05/2023,17/05/2023,154,154,Chambre Triple,,Premiere Classe Toulouse Sud Labege,Labège,,19
1692572660-617,24/04/2023,14/05/2023,17/05/2023,201,201,Grande Chambre Double ,,Hôtel du Parc,Salies-du-Salat,,19
1692572660-618,24/04/2023,14/05/2023,17/05/2023,146,146,Chambre Triple avec 1 Lit Double et 1 Lit Simple,,Premiere Classe Toulouse Sud - Portet,Portet-sur-Garonne,,19
1692572660-619,24/04/2023,14/05/2023,17/05/2023,199,199,Chambre Double Classique,,Relais Fasthotel Port Lauragais,Avignonet-de-Lauragais,,19
1692572660-620,24/04/2023,14/05/2023,17/05/2023,225,225,Chambre Double,,"The Originals Access, Hôtel Innostar",Labège,,19
1692572660-641,24/04/2023,14/05/2023,17/05/2023,154,154,Chambre Triple,,Premiere Classe Toulouse Sud Labege,Labège,,19
1692572660-642,24/04/2023,14/05/2023,17/05/2023,201,201,Grande Chambre Double ,,Hôtel du Parc,Salies-du-Salat,,19
1692572660-643,24/04/2023,14/05/2023,17/05/2023,146,146,Chambre Triple avec 1 Lit Double et 1 Lit Simple,,Premiere Classe Toulouse Sud - Portet,Portet-sur-Garonne,,19
1692572660-644,24/04/2023,14/05/2023,17/05/2023,199,199,Chambre Double Classique,,Relais Fasthotel Port Lauragais,Avignonet-de-Lauragais,,19
1692572660-645,24/04/2023,14/05/2023,17/05/2023,225,225,Chambre Double,,"The Originals Access, Hôtel Innostar",Labège,,19
1692572660-666,24/04/2023,14/05/2023,17/05/2023,154,154,Chambre Triple,,Premiere Classe Toulouse Sud Labege,Labège,,19
1692572660-667,24/04/2023,14/05/2023,17/05/2023,201,201,Grande Chambre Double ,,Hôtel du Parc,Salies-du-Salat,,19
1692572660-668,24/04/2023,14/05/2023,17/05/2023,146,146,Chambre Triple avec 1 Lit Double et 1 Lit Simple,,Premiere Classe Toulouse Sud - Portet,Portet-sur-Garonne,,19
1692572660-669,24/04/2023,14/05/2023,17/05/2023,199,199,Chambre Double Classique,,Relais Fasthotel Port Lauragais,Avignonet-de-Lauragais,,19
1692572660-670,24/04/2023,14/05/2023,17/05/2023,225,225,Chambre Double,,"The Originals Access, Hôtel Innostar",Labège,,19
1692572660-691,24/04/2023,14/05/2023,17/05/2023,154,154,Chambre Triple,,Premiere Classe Toulouse Sud Labege,Labège,,19
1692572660-692,24/04/2023,14/05/2023,17/05/2023,201,201,Grande Chambre Double ,,Hôtel du Parc,Salies-du-Salat,,19
1692572660-693,24/04/2023,14/05/2023,17/05/2023,146,146,Chambre Triple avec 1 Lit Double et 1 Lit Simple,,Premiere Classe Toulouse Sud - Portet,Portet-sur-Garonne,,19
1692572660-694,24/04/2023,14/05/2023,17/05/2023,199,199,Chambre Double Classique,,Relais Fasthotel Port Lauragais,Avignonet-de-Lauragais,,19
1692572660-695,24/04/2023,14/05/2023,17/05/2023,225,225,Chambre Double,,"The Originals Access, Hôtel Innostar",Labège,,19
1692572660-716,24/04/2023,14/05/2023,17/05/2023,154,154,Chambre Triple,,Premiere Classe Toulouse Sud Labege,Labège,,19
1692572660-717,24/04/2023,14/05/2023,17/05/2023,201,201,Grande Chambre Double ,,Hôtel du Parc,Salies-du-Salat,,19
1692572660-718,24/04/2023,14/05/2023,17/05/2023,146,146,Chambre Triple avec 1 Lit Double et 1 Lit Simple,,Premiere Classe Toulouse Sud - Portet,Portet-sur-Garonne,,19
1692572660-719,24/04/2023,14/05/2023,17/05/2023,199,199,Chambre Double Classique,,Relais Fasthotel Port Lauragais,Avignonet-de-Lauragais,,19
1692572660-720,24/04/2023,14/05/2023,17/05/2023,225,225,Chambre Double,,"The Originals Access, Hôtel Innostar",Labège,,19
1692572660-741,24/04/2023,14/05/2023,17/05/2023,154,154,Chambre Triple,,Premiere Classe Toulouse Sud Labege,Labège,,19
1692572660-742,24/04/2023,14/05/2023,17/05/2023,201,201,Grande Chambre Double ,,Hôtel du Parc,Salies-du-Salat,,19
1692572660-743,24/04/2023,14/05/2023,17/05/2023,146,146,Chambre Triple avec 1 Lit Double et 1 Lit Simple,,Premiere Classe Toulouse Sud - Portet,Portet-sur-Garonne,,19
1692572660-744,24/04/2023,14/05/2023,17/05/2023,199,199,Chambre Double Classique,,Relais Fasthotel Port Lauragais,Avignonet-de-Lauragais,,19
1692572660-745,24/04/2023,14/05/2023,17/05/2023,225,225,Chambre Double,,"The Originals Access, Hôtel Innostar",Labège,,19
1692572660-766,24/04/2023,14/05/2023,17/05/2023,231,231,Chambre Double Standard,,Hôtel Restaurant Le Bellevue,Ax-les-Thermes,,19
1692572660-767,24/04/2023,14/05/2023,17/05/2023,178,178,Chambre Double Standard,,Brit Hotel Confort Foix,Foix,,19
1692572660-768,24/04/2023,14/05/2023,17/05/2023,127,127,Chambre Triple avec 1 Lit Double et 1 Lit Simple,,Hôtel Premiere Classe Pamiers,Pamiers,,19
1692572660-769,24/04/2023,14/05/2023,17/05/2023,127,127,Chambre Double Basique,,Hôtel de la Paix,Luzenac,,19
1692572660-770,24/04/2023,14/05/2023,17/05/2023,336,336,Chambre Double Prestige,,Hôtel Le Chalet,Ax-les-Thermes,,19
1692572660-771,24/04/2023,14/05/2023,17/05/2023,175,175,Chambre Lits Jumeaux,,"The Originals Access, Hôtel Foix (P'tit Dej-Hotel)",Foix,,19
1692572660-772,24/04/2023,14/05/2023,17/05/2023,159,159,Chambre Double,,Auberge du Haut Salat,Seix,,19
1692572660-773,24/04/2023,14/05/2023,17/05/2023,401,401,Suite Traditionnelle - Triple,,Hotel Logis - Chateau de Beauregard,Saint-Girons,,19
1692572660-774,24/04/2023,14/05/2023,17/05/2023,246,246,Chambre Triple,,Hôtel Confort 09 ou HC-09,Tarascon-sur-Ariège,,19
1692572660-791,24/04/2023,14/05/2023,17/05/2023,231,231,Chambre Double Standard,,Hôtel Restaurant Le Bellevue,Ax-les-Thermes,,19
1692572660-792,24/04/2023,14/05/2023,17/05/2023,178,178,Chambre Double Standard,,Brit Hotel Confort Foix,Foix,,19
1692572660-793,24/04/2023,14/05/2023,17/05/2023,127,127,Chambre Triple avec 1 Lit Double et 1 Lit Simple,,Hôtel Premiere Classe Pamiers,Pamiers,,19
1692572660-794,24/04/2023,14/05/2023,17/05/2023,127,127,Chambre Double Basique,,Hôtel de la Paix,Luzenac,,19
1692572660-795,24/04/2023,14/05/2023,17/05/2023,336,336,Chambre Double Prestige,,Hôtel Le Chalet,Ax-les-Thermes,,19
1692572660-796,24/04/2023,14/05/2023,17/05/2023,175,175,Chambre Lits Jumeaux,,"The Originals Access, Hôtel Foix (P'tit Dej-Hotel)",Foix,,19
1692572660-797,24/04/2023,14/05/2023,17/05/2023,159,159,Chambre Double,,Auberge du Haut Salat,Seix,,19
1692572660-798,24/04/2023,14/05/2023,17/05/2023,401,401,Suite Traditionnelle - Triple,,Hotel Logis - Chateau de Beauregard,Saint-Girons,,19
1692572660-799,24/04/2023,14/05/2023,17/05/2023,246,246,Chambre Triple,,Hôtel Confort 09 ou HC-09,Tarascon-sur-Ariège,,19
1692572660-816,24/04/2023,14/05/2023,17/05/2023,317,317,Chambre Double avec Douche - Côté Patio - 1er ou 2ème Étage,,Hôtel la Bona Casa,Collioure,,19
1692572660-817,24/04/2023,14/05/2023,17/05/2023,129,129,Chambre Triple (1 Lit Double et 1 Lit Simple),,Premiere Classe Perpignan Sud,Perpignan,,19
1692572660-818,24/04/2023,14/05/2023,17/05/2023,140,140,Chambre Lit Queen-Size ,,Ibis Budget Perpignan Nord Rivesaltes,Rivesaltes,,19
1692572660-819,24/04/2023,14/05/2023,17/05/2023,942,801,Chambre Double Confort,,Domaine Riberach,Bélesta,,19
1692572660-820,24/04/2023,14/05/2023,17/05/2023,161,161,Chambre Quadruple avec Salle de Bains Commune,,Hotel Le Centre,Le Boulou,,19
1692572660-821,24/04/2023,14/05/2023,17/05/2023,208,208,Chambre Double,,Hotel Celisol Cerdagne,Bourg-Madame,,19
1692572660-822,24/04/2023,14/05/2023,17/05/2023,197,197,Chambre Double avec Balcon,,L'Oree du Bois,Font-Romeu,,19
1692572660-823,24/04/2023,14/05/2023,17/05/2023,195,195,Chambre Double,,Hotel les Glycines,Prades,,19
1692572660-824,24/04/2023,14/05/2023,17/05/2023,208,208,Chambre Double,,Hotel de la Plage - Barcares,Le Barcarès,,19
1692572660-825,24/04/2023,14/05/2023,17/05/2023,431,431,Chambre Triple,,Le Catalan,Banyuls-sur-Mer,,19
1692572660-826,24/04/2023,14/05/2023,17/05/2023,327,327,Petite Chambre Double avec Balcon - Vue sur Mer,,Hotel La Vigie - Face à la mer,Cerbère,,19
1692572660-827,24/04/2023,14/05/2023,17/05/2023,1094,1094,Chambre Double Deluxe - Vue sur Mer,,Les Roches Brunes,Collioure,,19
1692572660-828,24/04/2023,14/05/2023,17/05/2023,197,197,Chambre Double,,HOTEL LE PESCADOU,"Argeles Plage, Argelès-sur-Mer",,19
1692572660-829,24/04/2023,14/05/2023,17/05/2023,277,277,Appartement 1 Chambre,,Central Hôtel,Cerbère,,19
1692572660-830,24/04/2023,14/05/2023,17/05/2023,201,201,Petite Chambre Double,,Hotel La Casa,Le Barcarès,,19
1692572660-831,24/04/2023,14/05/2023,17/05/2023,255,255,Chambre Standard avec Balcon,,Hotel Princess,Vernet-les-Bains,,19
1692572660-832,24/04/2023,14/05/2023,17/05/2023,466,466,Chambre Familiale avec Baignoire,,Le Mas des Citronniers,Collioure,,19
1692572660-833,24/04/2023,14/05/2023,17/05/2023,131,131,Chambre Double,,Première Classe Perpignan Nord,Rivesaltes,,19
1692572660-834,24/04/2023,14/05/2023,17/05/2023,310,310,Chambre Double Standard,,La Frégate,Collioure,,19
1692572660-835,24/04/2023,14/05/2023,17/05/2023,174,174,Chambre Double ou Lits Jumeaux Standard,,Hôtel Acajou,Argelès-sur-Mer,,19
1692572660-836,24/04/2023,14/05/2023,17/05/2023,214,214,Chambre Lits Jumeaux Supérieure,,Le Neoulous,Le Boulou,,19
1692572660-837,24/04/2023,14/05/2023,17/05/2023,259,259,Chambre Double Économique,,"The Originals City, Relax'Otel & Spa, Le Barcarès",Le Barcarès,,19
1692572660-838,24/04/2023,14/05/2023,17/05/2023,652,652,Chambre Double - Vue sur Lagune,,Les Bulles de Mer - Hotel Spa sur la Lagune,Saint-Cyprien,,19
1692572660-839,24/04/2023,14/05/2023,17/05/2023,199,199,Chambre Double ou Lits Jumeaux - Accessible aux Personnes à Mobilité Réduite,,Hôtel Restaurant Mas del Gall,Castelnou,,19
1692572660-840,24/04/2023,14/05/2023,17/05/2023,231,231,Chambre Double Standard,,Hotel Vidal,Céret,,19
1692572660-841,24/04/2023,14/05/2023,17/05/2023,317,317,Chambre Double avec Douche - Côté Patio - 1er ou 2ème Étage,,Hôtel la Bona Casa,Collioure,,19
1692572660-842,24/04/2023,14/05/2023,17/05/2023,129,129,Chambre Triple (1 Lit Double et 1 Lit Simple),,Premiere Classe Perpignan Sud,Perpignan,,19
1692572660-843,24/04/2023,14/05/2023,17/05/2023,140,140,Chambre Lit Queen-Size ,,Ibis Budget Perpignan Nord Rivesaltes,Rivesaltes,,19
1692572660-844,24/04/2023,14/05/2023,17/05/2023,942,801,Chambre Double Confort,,Domaine Riberach,Bélesta,,19
1692572660-845,24/04/2023,14/05/2023,17/05/2023,161,161,Chambre Quadruple avec Salle de Bains Commune,,Hotel Le Centre,Le Boulou,,19
1692572660-846,24/04/2023,14/05/2023,17/05/2023,208,208,Chambre Double,,Hotel Celisol Cerdagne,Bourg-Madame,,19
1692572660-847,24/04/2023,14/05/2023,17/05/2023,197,197,Chambre Double avec Balcon,,L'Oree du Bois,Font-Romeu,,19
1692572660-848,24/04/2023,14/05/2023,17/05/2023,195,195,Chambre Double,,Hotel les Glycines,Prades,,19
1692572660-849,24/04/2023,14/05/2023,17/05/2023,208,208,Chambre Double,,Hotel de la Plage - Barcares,Le Barcarès,,19
1692572660-850,24/04/2023,14/05/2023,17/05/2023,431,431,Chambre Triple,,Le Catalan,Banyuls-sur-Mer,,19
1692572660-851,24/04/2023,14/05/2023,17/05/2023,327,327,Petite Chambre Double avec Balcon - Vue sur Mer,,Hotel La Vigie - Face à la mer,Cerbère,,19
1692572660-852,24/04/2023,14/05/2023,17/05/2023,1094,1094,Chambre Double Deluxe - Vue sur Mer,,Les Roches Brunes,Collioure,,19
1692572660-853,24/04/2023,14/05/2023,17/05/2023,197,197,Chambre Double,,HOTEL LE PESCADOU,"Argeles Plage, Argelès-sur-Mer",,19
1692572660-854,24/04/2023,14/05/2023,17/05/2023,277,277,Appartement 1 Chambre,,Central Hôtel,Cerbère,,19
1692572660-855,24/04/2023,14/05/2023,17/05/2023,201,201,Petite Chambre Double,,Hotel La Casa,Le Barcarès,,19
1692572660-856,24/04/2023,14/05/2023,17/05/2023,255,255,Chambre Standard avec Balcon,,Hotel Princess,Vernet-les-Bains,,19
1692572660-857,24/04/2023,14/05/2023,17/05/2023,466,466,Chambre Familiale avec Baignoire,,Le Mas des Citronniers,Collioure,,19
1692572660-858,24/04/2023,14/05/2023,17/05/2023,131,131,Chambre Double,,Première Classe Perpignan Nord,Rivesaltes,,19
1692572660-859,24/04/2023,14/05/2023,17/05/2023,310,310,Chambre Double Standard,,La Frégate,Collioure,,19
1692572660-860,24/04/2023,14/05/2023,17/05/2023,174,174,Chambre Double ou Lits Jumeaux Standard,,Hôtel Acajou,Argelès-sur-Mer,,19
1692572660-861,24/04/2023,14/05/2023,17/05/2023,214,214,Chambre Lits Jumeaux Supérieure,,Le Neoulous,Le Boulou,,19
1692572660-862,24/04/2023,14/05/2023,17/05/2023,259,259,Chambre Double Économique,,"The Originals City, Relax'Otel & Spa, Le Barcarès",Le Barcarès,,19
1692572660-863,24/04/2023,14/05/2023,17/05/2023,652,652,Chambre Double - Vue sur Lagune,,Les Bulles de Mer - Hotel Spa sur la Lagune,Saint-Cyprien,,19
1692572660-864,24/04/2023,14/05/2023,17/05/2023,199,199,Chambre Double ou Lits Jumeaux - Accessible aux Personnes à Mobilité Réduite,,Hôtel Restaurant Mas del Gall,Castelnou,,19
1692572660-865,24/04/2023,14/05/2023,17/05/2023,231,231,Chambre Double Standard,,Hotel Vidal,Céret,,19
1692572660-866,24/04/2023,14/05/2023,17/05/2023,317,317,Chambre Double avec Douche - Côté Patio - 1er ou 2ème Étage,,Hôtel la Bona Casa,Collioure,,19
1692572660-867,24/04/2023,14/05/2023,17/05/2023,129,129,Chambre Triple (1 Lit Double et 1 Lit Simple),,Premiere Classe Perpignan Sud,Perpignan,,19
1692572660-868,24/04/2023,14/05/2023,17/05/2023,140,140,Chambre Lit Queen-Size ,,Ibis Budget Perpignan Nord Rivesaltes,Rivesaltes,,19
1692572660-869,24/04/2023,14/05/2023,17/05/2023,942,801,Chambre Double Confort,,Domaine Riberach,Bélesta,,19
1692572660-870,24/04/2023,14/05/2023,17/05/2023,161,161,Chambre Quadruple avec Salle de Bains Commune,,Hotel Le Centre,Le Boulou,,19
1692572660-871,24/04/2023,14/05/2023,17/05/2023,208,208,Chambre Double,,Hotel Celisol Cerdagne,Bourg-Madame,,19
1692572660-872,24/04/2023,14/05/2023,17/05/2023,197,197,Chambre Double avec Balcon,,L'Oree du Bois,Font-Romeu,,19
1692572660-873,24/04/2023,14/05/2023,17/05/2023,195,195,Chambre Double,,Hotel les Glycines,Prades,,19
1692572660-874,24/04/2023,14/05/2023,17/05/2023,208,208,Chambre Double,,Hotel de la Plage - Barcares,Le Barcarès,,19
1692572660-875,24/04/2023,14/05/2023,17/05/2023,431,431,Chambre Triple,,Le Catalan,Banyuls-sur-Mer,,19
1692572660-876,24/04/2023,14/05/2023,17/05/2023,327,327,Petite Chambre Double avec Balcon - Vue sur Mer,,Hotel La Vigie - Face à la mer,Cerbère,,19
1692572660-877,24/04/2023,14/05/2023,17/05/2023,1094,1094,Chambre Double Deluxe - Vue sur Mer,,Les Roches Brunes,Collioure,,19
1692572660-878,24/04/2023,14/05/2023,17/05/2023,197,197,Chambre Double,,HOTEL LE PESCADOU,"Argeles Plage, Argelès-sur-Mer",,19
1692572660-879,24/04/2023,14/05/2023,17/05/2023,277,277,Appartement 1 Chambre,,Central Hôtel,Cerbère,,19
1692572660-880,24/04/2023,14/05/2023,17/05/2023,201,201,Petite Chambre Double,,Hotel La Casa,Le Barcarès,,19
1692572660-881,24/04/2023,14/05/2023,17/05/2023,255,255,Chambre Standard avec Balcon,,Hotel Princess,Vernet-les-Bains,,19
1692572660-882,24/04/2023,14/05/2023,17/05/2023,466,466,Chambre Familiale avec Baignoire,,Le Mas des Citronniers,Collioure,,19
1692572660-883,24/04/2023,14/05/2023,17/05/2023,131,131,Chambre Double,,Première Classe Perpignan Nord,Rivesaltes,,19
1692572660-884,24/04/2023,14/05/2023,17/05/2023,310,310,Chambre Double Standard,,La Frégate,Collioure,,19
1692572660-885,24/04/2023,14/05/2023,17/05/2023,174,174,Chambre Double ou Lits Jumeaux Standard,,Hôtel Acajou,Argelès-sur-Mer,,19
1692572660-886,24/04/2023,14/05/2023,17/05/2023,214,214,Chambre Lits Jumeaux Supérieure,,Le Neoulous,Le Boulou,,19
1692572660-887,24/04/2023,14/05/2023,17/05/2023,259,259,Chambre Double Économique,,"The Originals City, Relax'Otel & Spa, Le Barcarès",Le Barcarès,,19
1692572660-888,24/04/2023,14/05/2023,17/05/2023,652,652,Chambre Double - Vue sur Lagune,,Les Bulles de Mer - Hotel Spa sur la Lagune,Saint-Cyprien,,19
1692572660-889,24/04/2023,14/05/2023,17/05/2023,199,199,Chambre Double ou Lits Jumeaux - Accessible aux Personnes à Mobilité Réduite,,Hôtel Restaurant Mas del Gall,Castelnou,,19
1692572660-890,24/04/2023,14/05/2023,17/05/2023,231,231,Chambre Double Standard,,Hotel Vidal,Céret,,19
1692572660-891,24/04/2023,14/05/2023,17/05/2023,317,317,Chambre Double avec Douche - Côté Patio - 1er ou 2ème Étage,,Hôtel la Bona Casa,Collioure,,19
1692572660-892,24/04/2023,14/05/2023,17/05/2023,129,129,Chambre Triple (1 Lit Double et 1 Lit Simple),,Premiere Classe Perpignan Sud,Perpignan,,19
1692572660-893,24/04/2023,14/05/2023,17/05/2023,140,140,Chambre Lit Queen-Size ,,Ibis Budget Perpignan Nord Rivesaltes,Rivesaltes,,19
1692572660-894,24/04/2023,14/05/2023,17/05/2023,942,801,Chambre Double Confort,,Domaine Riberach,Bélesta,,19
1692572660-895,24/04/2023,14/05/2023,17/05/2023,161,161,Chambre Quadruple avec Salle de Bains Commune,,Hotel Le Centre,Le Boulou,,19
1692572660-896,24/04/2023,14/05/2023,17/05/2023,208,208,Chambre Double,,Hotel Celisol Cerdagne,Bourg-Madame,,19
1692572660-897,24/04/2023,14/05/2023,17/05/2023,197,197,Chambre Double avec Balcon,,L'Oree du Bois,Font-Romeu,,19
1692572660-898,24/04/2023,14/05/2023,17/05/2023,195,195,Chambre Double,,Hotel les Glycines,Prades,,19
1692572660-899,24/04/2023,14/05/2023,17/05/2023,208,208,Chambre Double,,Hotel de la Plage - Barcares,Le Barcarès,,19
1692572660-900,24/04/2023,14/05/2023,17/05/2023,431,431,Chambre Triple,,Le Catalan,Banyuls-sur-Mer,,19
1692572660-901,24/04/2023,14/05/2023,17/05/2023,327,327,Petite Chambre Double avec Balcon - Vue sur Mer,,Hotel La Vigie - Face à la mer,Cerbère,,19
1692572660-902,24/04/2023,14/05/2023,17/05/2023,1094,1094,Chambre Double Deluxe - Vue sur Mer,,Les Roches Brunes,Collioure,,19
1692572660-903,24/04/2023,14/05/2023,17/05/2023,197,197,Chambre Double,,HOTEL LE PESCADOU,"Argeles Plage, Argelès-sur-Mer",,19
1692572660-904,24/04/2023,14/05/2023,17/05/2023,277,277,Appartement 1 Chambre,,Central Hôtel,Cerbère,,19
1692572660-905,24/04/2023,14/05/2023,17/05/2023,201,201,Petite Chambre Double,,Hotel La Casa,Le Barcarès,,19
1692572660-906,24/04/2023,14/05/2023,17/05/2023,255,255,Chambre Standard avec Balcon,,Hotel Princess,Vernet-les-Bains,,19
1692572660-907,24/04/2023,14/05/2023,17/05/2023,466,466,Chambre Familiale avec Baignoire,,Le Mas des Citronniers,Collioure,,19
1692572660-908,24/04/2023,14/05/2023,17/05/2023,131,131,Chambre Double,,Première Classe Perpignan Nord,Rivesaltes,,19
1692572660-909,24/04/2023,14/05/2023,17/05/2023,310,310,Chambre Double Standard,,La Frégate,Collioure,,19
1692572660-910,24/04/2023,14/05/2023,17/05/2023,174,174,Chambre Double ou Lits Jumeaux Standard,,Hôtel Acajou,Argelès-sur-Mer,,19
1692572660-911,24/04/2023,14/05/2023,17/05/2023,214,214,Chambre Lits Jumeaux Supérieure,,Le Neoulous,Le Boulou,,19
1692572660-912,24/04/2023,14/05/2023,17/05/2023,259,259,Chambre Double Économique,,"The Originals City, Relax'Otel & Spa, Le Barcarès",Le Barcarès,,19
1692572660-913,24/04/2023,14/05/2023,17/05/2023,652,652,Chambre Double - Vue sur Lagune,,Les Bulles de Mer - Hotel Spa sur la Lagune,Saint-Cyprien,,19
1692572660-914,24/04/2023,14/05/2023,17/05/2023,199,199,Chambre Double ou Lits Jumeaux - Accessible aux Personnes à Mobilité Réduite,,Hôtel Restaurant Mas del Gall,Castelnou,,19
1692572660-915,24/04/2023,14/05/2023,17/05/2023,231,231,Chambre Double Standard,,Hotel Vidal,Céret,,19
1692572660-916,24/04/2023,14/05/2023,17/05/2023,317,317,Chambre Double avec Douche - Côté Patio - 1er ou 2ème Étage,,Hôtel la Bona Casa,Collioure,,19
1692572660-917,24/04/2023,14/05/2023,17/05/2023,129,129,Chambre Triple (1 Lit Double et 1 Lit Simple),,Premiere Classe Perpignan Sud,Perpignan,,19
1692572660-918,24/04/2023,14/05/2023,17/05/2023,140,140,Chambre Lit Queen-Size ,,Ibis Budget Perpignan Nord Rivesaltes,Rivesaltes,,19
1692572660-919,24/04/2023,14/05/2023,17/05/2023,942,801,Chambre Double Confort,,Domaine Riberach,Bélesta,,19
1692572660-920,24/04/2023,14/05/2023,17/05/2023,161,161,Chambre Quadruple avec Salle de Bains Commune,,Hotel Le Centre,Le Boulou,,19
1692572660-921,24/04/2023,14/05/2023,17/05/2023,208,208,Chambre Double,,Hotel Celisol Cerdagne,Bourg-Madame,,19
1692572660-922,24/04/2023,14/05/2023,17/05/2023,197,197,Chambre Double avec Balcon,,L'Oree du Bois,Font-Romeu,,19
1692572660-923,24/04/2023,14/05/2023,17/05/2023,195,195,Chambre Double,,Hotel les Glycines,Prades,,19
1692572660-924,24/04/2023,14/05/2023,17/05/2023,208,208,Chambre Double,,Hotel de la Plage - Barcares,Le Barcarès,,19
1692572660-925,24/04/2023,14/05/2023,17/05/2023,431,431,Chambre Triple,,Le Catalan,Banyuls-sur-Mer,,19
1692572660-926,24/04/2023,14/05/2023,17/05/2023,327,327,Petite Chambre Double avec Balcon - Vue sur Mer,,Hotel La Vigie - Face à la mer,Cerbère,,19
1692572660-927,24/04/2023,14/05/2023,17/05/2023,1094,1094,Chambre Double Deluxe - Vue sur Mer,,Les Roches Brunes,Collioure,,19
1692572660-928,24/04/2023,14/05/2023,17/05/2023,197,197,Chambre Double,,HOTEL LE PESCADOU,"Argeles Plage, Argelès-sur-Mer",,19
1692572660-929,24/04/2023,14/05/2023,17/05/2023,277,277,Appartement 1 Chambre,,Central Hôtel,Cerbère,,19
1692572660-930,24/04/2023,14/05/2023,17/05/2023,201,201,Petite Chambre Double,,Hotel La Casa,Le Barcarès,,19
1692572660-931,24/04/2023,14/05/2023,17/05/2023,255,255,Chambre Standard avec Balcon,,Hotel Princess,Vernet-les-Bains,,19
1692572660-932,24/04/2023,14/05/2023,17/05/2023,466,466,Chambre Familiale avec Baignoire,,Le Mas des Citronniers,Collioure,,19
1692572660-933,24/04/2023,14/05/2023,17/05/2023,131,131,Chambre Double,,Première Classe Perpignan Nord,Rivesaltes,,19
1692572660-934,24/04/2023,14/05/2023,17/05/2023,310,310,Chambre Double Standard,,La Frégate,Collioure,,19
1692572660-935,24/04/2023,14/05/2023,17/05/2023,174,174,Chambre Double ou Lits Jumeaux Standard,,Hôtel Acajou,Argelès-sur-Mer,,19
1692572660-936,24/04/2023,14/05/2023,17/05/2023,214,214,Chambre Lits Jumeaux Supérieure,,Le Neoulous,Le Boulou,,19
1692572660-937,24/04/2023,14/05/2023,17/05/2023,259,259,Chambre Double Économique,,"The Originals City, Relax'Otel & Spa, Le Barcarès",Le Barcarès,,19
1692572660-938,24/04/2023,14/05/2023,17/05/2023,652,652,Chambre Double - Vue sur Lagune,,Les Bulles de Mer - Hotel Spa sur la Lagune,Saint-Cyprien,,19
1692572660-939,24/04/2023,14/05/2023,17/05/2023,199,199,Chambre Double ou Lits Jumeaux - Accessible aux Personnes à Mobilité Réduite,,Hôtel Restaurant Mas del Gall,Castelnou,,19
1692572660-940,24/04/2023,14/05/2023,17/05/2023,231,231,Chambre Double Standard,,Hotel Vidal,Céret,,19
1692572660-941,24/04/2023,14/05/2023,17/05/2023,317,317,Chambre Double avec Douche - Côté Patio - 1er ou 2ème Étage,,Hôtel la Bona Casa,Collioure,,19
1692572660-942,24/04/2023,14/05/2023,17/05/2023,129,129,Chambre Triple (1 Lit Double et 1 Lit Simple),,Premiere Classe Perpignan Sud,Perpignan,,19
1692572660-943,24/04/2023,14/05/2023,17/05/2023,140,140,Chambre Lit Queen-Size ,,Ibis Budget Perpignan Nord Rivesaltes,Rivesaltes,,19
1692572660-944,24/04/2023,14/05/2023,17/05/2023,942,801,Chambre Double Confort,,Domaine Riberach,Bélesta,,19
1692572660-945,24/04/2023,14/05/2023,17/05/2023,161,161,Chambre Quadruple avec Salle de Bains Commune,,Hotel Le Centre,Le Boulou,,19
1692572660-946,24/04/2023,14/05/2023,17/05/2023,208,208,Chambre Double,,Hotel Celisol Cerdagne,Bourg-Madame,,19
1692572660-947,24/04/2023,14/05/2023,17/05/2023,197,197,Chambre Double avec Balcon,,L'Oree du Bois,Font-Romeu,,19
1692572660-948,24/04/2023,14/05/2023,17/05/2023,195,195,Chambre Double,,Hotel les Glycines,Prades,,19
1692572660-949,24/04/2023,14/05/2023,17/05/2023,208,208,Chambre Double,,Hotel de la Plage - Barcares,Le Barcarès,,19
1692572660-950,24/04/2023,14/05/2023,17/05/2023,431,431,Chambre Triple,,Le Catalan,Banyuls-sur-Mer,,19
1692572660-951,24/04/2023,14/05/2023,17/05/2023,327,327,Petite Chambre Double avec Balcon - Vue sur Mer,,Hotel La Vigie - Face à la mer,Cerbère,,19
1692572660-952,24/04/2023,14/05/2023,17/05/2023,1094,1094,Chambre Double Deluxe - Vue sur Mer,,Les Roches Brunes,Collioure,,19
1692572660-953,24/04/2023,14/05/2023,17/05/2023,197,197,Chambre Double,,HOTEL LE PESCADOU,"Argeles Plage, Argelès-sur-Mer",,19
1692572660-954,24/04/2023,14/05/2023,17/05/2023,277,277,Appartement 1 Chambre,,Central Hôtel,Cerbère,,19
1692572660-955,24/04/2023,14/05/2023,17/05/2023,201,201,Petite Chambre Double,,Hotel La Casa,Le Barcarès,,19
1692572660-956,24/04/2023,14/05/2023,17/05/2023,255,255,Chambre Standard avec Balcon,,Hotel Princess,Vernet-les-Bains,,19
1692572660-957,24/04/2023,14/05/2023,17/05/2023,466,466,Chambre Familiale avec Baignoire,,Le Mas des Citronniers,Collioure,,19
1692572660-958,24/04/2023,14/05/2023,17/05/2023,131,131,Chambre Double,,Première Classe Perpignan Nord,Rivesaltes,,19
1692572660-959,24/04/2023,14/05/2023,17/05/2023,310,310,Chambre Double Standard,,La Frégate,Collioure,,19
1692572660-960,24/04/2023,14/05/2023,17/05/2023,174,174,Chambre Double ou Lits Jumeaux Standard,,Hôtel Acajou,Argelès-sur-Mer,,19
1692572660-961,24/04/2023,14/05/2023,17/05/2023,214,214,Chambre Lits Jumeaux Supérieure,,Le Neoulous,Le Boulou,,19
1692572660-962,24/04/2023,14/05/2023,17/05/2023,259,259,Chambre Double Économique,,"The Originals City, Relax'Otel & Spa, Le Barcarès",Le Barcarès,,19
1692572660-963,24/04/2023,14/05/2023,17/05/2023,652,652,Chambre Double - Vue sur Lagune,,Les Bulles de Mer - Hotel Spa sur la Lagune,Saint-Cyprien,,19
1692572660-964,24/04/2023,14/05/2023,17/05/2023,199,199,Chambre Double ou Lits Jumeaux - Accessible aux Personnes à Mobilité Réduite,,Hôtel Restaurant Mas del Gall,Castelnou,,19
1692572660-965,24/04/2023,14/05/2023,17/05/2023,231,231,Chambre Double Standard,,Hotel Vidal,Céret,,19
1692572660-966,24/04/2023,14/05/2023,17/05/2023,278,256,Chambre Double ou Lits Jumeaux,,Hôtel Paradis,Lourdes,,19
1692572660-967,24/04/2023,14/05/2023,17/05/2023,271,271,Chambre Lits Jumeaux,,Hôtel Le Méditerranée,Lourdes,,19
1692572660-968,24/04/2023,14/05/2023,17/05/2023,352,352,Chambre Lits Jumeaux,,Hôtel Alba,Lourdes,,19
1692572660-969,24/04/2023,14/05/2023,17/05/2023,328,328,Chambre Double,,Hôtel Eliseo,Lourdes,,19
1692572660-970,24/04/2023,14/05/2023,17/05/2023,174,174,Offre Spéciale - Chambre Double ou Lits Jumeaux,,Hôtel Angelic,Lourdes,,19
1692572660-971,24/04/2023,14/05/2023,17/05/2023,174,174,Chambre Double ou Lits Jumeaux,,Hôtel Alliance,Lourdes,,19
1692572660-972,24/04/2023,14/05/2023,17/05/2023,250,250,Chambre Double Économique,,Maison d'hoursentut,Sainte-Marie-de-Campan,,19
1692572660-973,24/04/2023,14/05/2023,17/05/2023,219,219,Petite Chambre Double ou Lits Jumeaux,,Hôtel Croix des Bretons - Lourdes Pyrénées,Lourdes,,19
1692572660-974,24/04/2023,14/05/2023,17/05/2023,144,144,Chambre Triple,,ibis budget Tarbes,Tarbes,,19
1692572660-975,24/04/2023,14/05/2023,17/05/2023,174,174,Chambre Lits Jumeaux,,Hôtel La Source,Lourdes,,19
1692572660-976,24/04/2023,14/05/2023,17/05/2023,337,337,Chambre Double Standard,,Helgon Hotel - Lourdes Pyrénées,Lourdes,,19
1692572660-977,24/04/2023,14/05/2023,17/05/2023,282,282,Chambre Double Supérieure,,Hôtel du Soleil Levant,Argelès-Gazost,,19
1692572660-978,24/04/2023,14/05/2023,17/05/2023,310,310,Chambre Double Supérieure,,Hôtel Mir,Saint-Lary-Soulan,,19
1692572660-979,24/04/2023,14/05/2023,17/05/2023,236,236,Chambre Double,,Hôtel du Casino de Capvern,Capvern,,19
1692572660-980,24/04/2023,14/05/2023,17/05/2023,274,274,Studio,,Hôtel-Résidence Le Lys,Cauterets,,19
1692572660-981,24/04/2023,14/05/2023,17/05/2023,291,291,Chambre Double,,Hôtel La Montagne Fleurie,Barèges,,19
1692572660-982,24/04/2023,14/05/2023,17/05/2023,148,148,Chambre avec 1 Lit Double ,,Kyriad Tarbes Odos,Odos,,19
1692572660-983,24/04/2023,14/05/2023,17/05/2023,260,260,Chambre Triple,,Hôtel Café les Fleurs,Argelès-Gazost,,19
1692572660-984,24/04/2023,14/05/2023,17/05/2023,200,200,Chambre Double,,Hôtel les Deux Cols,Sainte-Marie-de-Campan,,19
1692572660-985,24/04/2023,14/05/2023,17/05/2023,180,180,Chambre Double,,Résidence Hôtelière du MAGNOAC,Castelnau-Magnoac,,19
1692572660-986,24/04/2023,14/05/2023,17/05/2023,227,227,Chambre Double Deluxe,,Hôtel de la Gare,Pierrefitte-Nestalas,,19
1692572660-987,24/04/2023,14/05/2023,17/05/2023,270,270,Chambre Double Standard,,ibis Tarbes Odos,Odos,,19
1692572660-988,24/04/2023,14/05/2023,17/05/2023,319,319,Chambre Double ou Lits Jumeaux - Vue sur Montagnes,,Les Rochers,Saint-Savin,,19
1692572660-989,24/04/2023,14/05/2023,17/05/2023,273,273,Chambre Double Standard,,Domaine de Ramonjuan,Lesponne,,19
1692572660-990,24/04/2023,14/05/2023,17/05/2023,163,163,Chambre Lits Jumeaux,,Kyriad Tarbes Bastillac,Tarbes,,19
1692572660-991,24/04/2023,14/05/2023,17/05/2023,278,256,Chambre Double ou Lits Jumeaux,,Hôtel Paradis,Lourdes,,19
1692572660-992,24/04/2023,14/05/2023,17/05/2023,271,271,Chambre Lits Jumeaux,,Hôtel Le Méditerranée,Lourdes,,19
1692572660-993,24/04/2023,14/05/2023,17/05/2023,352,352,Chambre Lits Jumeaux,,Hôtel Alba,Lourdes,,19
1692572660-994,24/04/2023,14/05/2023,17/05/2023,328,328,Chambre Double,,Hôtel Eliseo,Lourdes,,19
1692572660-995,24/04/2023,14/05/2023,17/05/2023,174,174,Offre Spéciale - Chambre Double ou Lits Jumeaux,,Hôtel Angelic,Lourdes,,19
1692572660-996,24/04/2023,14/05/2023,17/05/2023,174,174,Chambre Double ou Lits Jumeaux,,Hôtel Alliance,Lourdes,,19
1692572660-997,24/04/2023,14/05/2023,17/05/2023,250,250,Chambre Double Économique,,Maison d'hoursentut,Sainte-Marie-de-Campan,,19
1692572660-998,24/04/2023,14/05/2023,17/05/2023,219,219,Petite Chambre Double ou Lits Jumeaux,,Hôtel Croix des Bretons - Lourdes Pyrénées,Lourdes,,19
1692572660-999,24/04/2023,14/05/2023,17/05/2023,144,144,Chambre Triple,,ibis budget Tarbes,Tarbes,,19
1692572660-1000,24/04/2023,14/05/2023,17/05/2023,174,174,Chambre Lits Jumeaux,,Hôtel La Source,Lourdes,,19
1692572660-1001,24/04/2023,14/05/2023,17/05/2023,337,337,Chambre Double Standard,,Helgon Hotel - Lourdes Pyrénées,Lourdes,,19
1692572660-1002,24/04/2023,14/05/2023,17/05/2023,282,282,Chambre Double Supérieure,,Hôtel du Soleil Levant,Argelès-Gazost,,19
1692572660-1003,24/04/2023,14/05/2023,17/05/2023,310,310,Chambre Double Supérieure,,Hôtel Mir,Saint-Lary-Soulan,,19
1692572660-1004,24/04/2023,14/05/2023,17/05/2023,236,236,Chambre Double,,Hôtel du Casino de Capvern,Capvern,,19
1692572660-1005,24/04/2023,14/05/2023,17/05/2023,274,274,Studio,,Hôtel-Résidence Le Lys,Cauterets,,19
1692572660-1006,24/04/2023,14/05/2023,17/05/2023,291,291,Chambre Double,,Hôtel La Montagne Fleurie,Barèges,,19
1692572660-1007,24/04/2023,14/05/2023,17/05/2023,148,148,Chambre avec 1 Lit Double ,,Kyriad Tarbes Odos,Odos,,19
1692572660-1008,24/04/2023,14/05/2023,17/05/2023,260,260,Chambre Triple,,Hôtel Café les Fleurs,Argelès-Gazost,,19
1692572660-1009,24/04/2023,14/05/2023,17/05/2023,200,200,Chambre Double,,Hôtel les Deux Cols,Sainte-Marie-de-Campan,,19
1692572660-1010,24/04/2023,14/05/2023,17/05/2023,180,180,Chambre Double,,Résidence Hôtelière du MAGNOAC,Castelnau-Magnoac,,19
1692572660-1011,24/04/2023,14/05/2023,17/05/2023,227,227,Chambre Double Deluxe,,Hôtel de la Gare,Pierrefitte-Nestalas,,19
1692572660-1012,24/04/2023,14/05/2023,17/05/2023,270,270,Chambre Double Standard,,ibis Tarbes Odos,Odos,,19
1692572660-1013,24/04/2023,14/05/2023,17/05/2023,319,319,Chambre Double ou Lits Jumeaux - Vue sur Montagnes,,Les Rochers,Saint-Savin,,19
1692572660-1014,24/04/2023,14/05/2023,17/05/2023,273,273,Chambre Double Standard,,Domaine de Ramonjuan,Lesponne,,19
1692572660-1015,24/04/2023,14/05/2023,17/05/2023,163,163,Chambre Lits Jumeaux,,Kyriad Tarbes Bastillac,Tarbes,,19
1692572660-1016,24/04/2023,14/05/2023,17/05/2023,278,256,Chambre Double ou Lits Jumeaux,,Hôtel Paradis,Lourdes,,19
1692572660-1017,24/04/2023,14/05/2023,17/05/2023,271,271,Chambre Lits Jumeaux,,Hôtel Le Méditerranée,Lourdes,,19
1692572660-1018,24/04/2023,14/05/2023,17/05/2023,352,352,Chambre Lits Jumeaux,,Hôtel Alba,Lourdes,,19
1692572660-1019,24/04/2023,14/05/2023,17/05/2023,328,328,Chambre Double,,Hôtel Eliseo,Lourdes,,19
1692572660-1020,24/04/2023,14/05/2023,17/05/2023,174,174,Offre Spéciale - Chambre Double ou Lits Jumeaux,,Hôtel Angelic,Lourdes,,19
1692572660-1021,24/04/2023,14/05/2023,17/05/2023,174,174,Chambre Double ou Lits Jumeaux,,Hôtel Alliance,Lourdes,,19
1692572660-1022,24/04/2023,14/05/2023,17/05/2023,250,250,Chambre Double Économique,,Maison d'hoursentut,Sainte-Marie-de-Campan,,19
1692572660-1023,24/04/2023,14/05/2023,17/05/2023,219,219,Petite Chambre Double ou Lits Jumeaux,,Hôtel Croix des Bretons - Lourdes Pyrénées,Lourdes,,19
1692572660-1024,24/04/2023,14/05/2023,17/05/2023,144,144,Chambre Triple,,ibis budget Tarbes,Tarbes,,19
1692572660-1025,24/04/2023,14/05/2023,17/05/2023,174,174,Chambre Lits Jumeaux,,Hôtel La Source,Lourdes,,19
1692572660-1026,24/04/2023,14/05/2023,17/05/2023,337,337,Chambre Double Standard,,Helgon Hotel - Lourdes Pyrénées,Lourdes,,19
1692572660-1027,24/04/2023,14/05/2023,17/05/2023,282,282,Chambre Double Supérieure,,Hôtel du Soleil Levant,Argelès-Gazost,,19
1692572660-1028,24/04/2023,14/05/2023,17/05/2023,310,310,Chambre Double Supérieure,,Hôtel Mir,Saint-Lary-Soulan,,19
1692572660-1029,24/04/2023,14/05/2023,17/05/2023,236,236,Chambre Double,,Hôtel du Casino de Capvern,Capvern,,19
1692572660-1030,24/04/2023,14/05/2023,17/05/2023,274,274,Studio,,Hôtel-Résidence Le Lys,Cauterets,,19
1692572660-1031,24/04/2023,14/05/2023,17/05/2023,291,291,Chambre Double,,Hôtel La Montagne Fleurie,Barèges,,19
1692572660-1032,24/04/2023,14/05/2023,17/05/2023,148,148,Chambre avec 1 Lit Double ,,Kyriad Tarbes Odos,Odos,,19
1692572660-1033,24/04/2023,14/05/2023,17/05/2023,260,260,Chambre Triple,,Hôtel Café les Fleurs,Argelès-Gazost,,19
1692572660-1034,24/04/2023,14/05/2023,17/05/2023,200,200,Chambre Double,,Hôtel les Deux Cols,Sainte-Marie-de-Campan,,19
1692572660-1035,24/04/2023,14/05/2023,17/05/2023,180,180,Chambre Double,,Résidence Hôtelière du MAGNOAC,Castelnau-Magnoac,,19
1692572660-1036,24/04/2023,14/05/2023,17/05/2023,227,227,Chambre Double Deluxe,,Hôtel de la Gare,Pierrefitte-Nestalas,,19
1692572660-1037,24/04/2023,14/05/2023,17/05/2023,270,270,Chambre Double Standard,,ibis Tarbes Odos,Odos,,19
1692572660-1038,24/04/2023,14/05/2023,17/05/2023,319,319,Chambre Double ou Lits Jumeaux - Vue sur Montagnes,,Les Rochers,Saint-Savin,,19
1692572660-1039,24/04/2023,14/05/2023,17/05/2023,273,273,Chambre Double Standard,,Domaine de Ramonjuan,Lesponne,,19
1692572660-1040,24/04/2023,14/05/2023,17/05/2023,163,163,Chambre Lits Jumeaux,,Kyriad Tarbes Bastillac,Tarbes,,19
1692572660-1041,24/04/2023,14/05/2023,17/05/2023,278,256,Chambre Double ou Lits Jumeaux,,Hôtel Paradis,Lourdes,,19
1692572660-1042,24/04/2023,14/05/2023,17/05/2023,271,271,Chambre Lits Jumeaux,,Hôtel Le Méditerranée,Lourdes,,19
1692572660-1043,24/04/2023,14/05/2023,17/05/2023,352,352,Chambre Lits Jumeaux,,Hôtel Alba,Lourdes,,19
1692572660-1044,24/04/2023,14/05/2023,17/05/2023,328,328,Chambre Double,,Hôtel Eliseo,Lourdes,,19
1692572660-1045,24/04/2023,14/05/2023,17/05/2023,174,174,Offre Spéciale - Chambre Double ou Lits Jumeaux,,Hôtel Angelic,Lourdes,,19
1692572660-1046,24/04/2023,14/05/2023,17/05/2023,174,174,Chambre Double ou Lits Jumeaux,,Hôtel Alliance,Lourdes,,19
1692572660-1047,24/04/2023,14/05/2023,17/05/2023,250,250,Chambre Double Économique,,Maison d'hoursentut,Sainte-Marie-de-Campan,,19
1692572660-1048,24/04/2023,14/05/2023,17/05/2023,219,219,Petite Chambre Double ou Lits Jumeaux,,Hôtel Croix des Bretons - Lourdes Pyrénées,Lourdes,,19
1692572660-1049,24/04/2023,14/05/2023,17/05/2023,144,144,Chambre Triple,,ibis budget Tarbes,Tarbes,,19
1692572660-1050,24/04/2023,14/05/2023,17/05/2023,174,174,Chambre Lits Jumeaux,,Hôtel La Source,Lourdes,,19
1692572660-1051,24/04/2023,14/05/2023,17/05/2023,337,337,Chambre Double Standard,,Helgon Hotel - Lourdes Pyrénées,Lourdes,,19
1692572660-1052,24/04/2023,14/05/2023,17/05/2023,282,282,Chambre Double Supérieure,,Hôtel du Soleil Levant,Argelès-Gazost,,19
1692572660-1053,24/04/2023,14/05/2023,17/05/2023,310,310,Chambre Double Supérieure,,Hôtel Mir,Saint-Lary-Soulan,,19
1692572660-1054,24/04/2023,14/05/2023,17/05/2023,236,236,Chambre Double,,Hôtel du Casino de Capvern,Capvern,,19
1692572660-1055,24/04/2023,14/05/2023,17/05/2023,274,274,Studio,,Hôtel-Résidence Le Lys,Cauterets,,19
1692572660-1056,24/04/2023,14/05/2023,17/05/2023,291,291,Chambre Double,,Hôtel La Montagne Fleurie,Barèges,,19
1692572660-1057,24/04/2023,14/05/2023,17/05/2023,148,148,Chambre avec 1 Lit Double ,,Kyriad Tarbes Odos,Odos,,19
1692572660-1058,24/04/2023,14/05/2023,17/05/2023,260,260,Chambre Triple,,Hôtel Café les Fleurs,Argelès-Gazost,,19
1692572660-1059,24/04/2023,14/05/2023,17/05/2023,200,200,Chambre Double,,Hôtel les Deux Cols,Sainte-Marie-de-Campan,,19
1692572660-1060,24/04/2023,14/05/2023,17/05/2023,180,180,Chambre Double,,Résidence Hôtelière du MAGNOAC,Castelnau-Magnoac,,19
1692572660-1061,24/04/2023,14/05/2023,17/05/2023,227,227,Chambre Double Deluxe,,Hôtel de la Gare,Pierrefitte-Nestalas,,19
1692572660-1062,24/04/2023,14/05/2023,17/05/2023,270,270,Chambre Double Standard,,ibis Tarbes Odos,Odos,,19
1692572660-1063,24/04/2023,14/05/2023,17/05/2023,319,319,Chambre Double ou Lits Jumeaux - Vue sur Montagnes,,Les Rochers,Saint-Savin,,19
1692572660-1064,24/04/2023,14/05/2023,17/05/2023,273,273,Chambre Double Standard,,Domaine de Ramonjuan,Lesponne,,19
1692572660-1065,24/04/2023,14/05/2023,17/05/2023,163,163,Chambre Lits Jumeaux,,Kyriad Tarbes Bastillac,Tarbes,,19
1692572660-1066,24/04/2023,14/05/2023,17/05/2023,278,256,Chambre Double ou Lits Jumeaux,,Hôtel Paradis,Lourdes,,19
1692572660-1067,24/04/2023,14/05/2023,17/05/2023,271,271,Chambre Lits Jumeaux,,Hôtel Le Méditerranée,Lourdes,,19
1692572660-1068,24/04/2023,14/05/2023,17/05/2023,352,352,Chambre Lits Jumeaux,,Hôtel Alba,Lourdes,,19
1692572660-1069,24/04/2023,14/05/2023,17/05/2023,328,328,Chambre Double,,Hôtel Eliseo,Lourdes,,19
1692572660-1070,24/04/2023,14/05/2023,17/05/2023,174,174,Offre Spéciale - Chambre Double ou Lits Jumeaux,,Hôtel Angelic,Lourdes,,19
1692572660-1071,24/04/2023,14/05/2023,17/05/2023,174,174,Chambre Double ou Lits Jumeaux,,Hôtel Alliance,Lourdes,,19
1692572660-1072,24/04/2023,14/05/2023,17/05/2023,250,250,Chambre Double Économique,,Maison d'hoursentut,Sainte-Marie-de-Campan,,19
1692572660-1073,24/04/2023,14/05/2023,17/05/2023,219,219,Petite Chambre Double ou Lits Jumeaux,,Hôtel Croix des Bretons - Lourdes Pyrénées,Lourdes,,19
1692572660-1074,24/04/2023,14/05/2023,17/05/2023,144,144,Chambre Triple,,ibis budget Tarbes,Tarbes,,19
1692572660-1075,24/04/2023,14/05/2023,17/05/2023,174,174,Chambre Lits Jumeaux,,Hôtel La Source,Lourdes,,19
1692572660-1076,24/04/2023,14/05/2023,17/05/2023,337,337,Chambre Double Standard,,Helgon Hotel - Lourdes Pyrénées,Lourdes,,19
1692572660-1077,24/04/2023,14/05/2023,17/05/2023,282,282,Chambre Double Supérieure,,Hôtel du Soleil Levant,Argelès-Gazost,,19
1692572660-1078,24/04/2023,14/05/2023,17/05/2023,310,310,Chambre Double Supérieure,,Hôtel Mir,Saint-Lary-Soulan,,19
1692572660-1079,24/04/2023,14/05/2023,17/05/2023,236,236,Chambre Double,,Hôtel du Casino de Capvern,Capvern,,19
1692572660-1080,24/04/2023,14/05/2023,17/05/2023,274,274,Studio,,Hôtel-Résidence Le Lys,Cauterets,,19
1692572660-1081,24/04/2023,14/05/2023,17/05/2023,291,291,Chambre Double,,Hôtel La Montagne Fleurie,Barèges,,19
1692572660-1082,24/04/2023,14/05/2023,17/05/2023,148,148,Chambre avec 1 Lit Double ,,Kyriad Tarbes Odos,Odos,,19
1692572660-1083,24/04/2023,14/05/2023,17/05/2023,260,260,Chambre Triple,,Hôtel Café les Fleurs,Argelès-Gazost,,19
1692572660-1084,24/04/2023,14/05/2023,17/05/2023,200,200,Chambre Double,,Hôtel les Deux Cols,Sainte-Marie-de-Campan,,19
1692572660-1085,24/04/2023,14/05/2023,17/05/2023,180,180,Chambre Double,,Résidence Hôtelière du MAGNOAC,Castelnau-Magnoac,,19
1692572660-1086,24/04/2023,14/05/2023,17/05/2023,227,227,Chambre Double Deluxe,,Hôtel de la Gare,Pierrefitte-Nestalas,,19
1692572660-1087,24/04/2023,14/05/2023,17/05/2023,270,270,Chambre Double Standard,,ibis Tarbes Odos,Odos,,19
1692572660-1088,24/04/2023,14/05/2023,17/05/2023,319,319,Chambre Double ou Lits Jumeaux - Vue sur Montagnes,,Les Rochers,Saint-Savin,,19
1692572660-1089,24/04/2023,14/05/2023,17/05/2023,273,273,Chambre Double Standard,,Domaine de Ramonjuan,Lesponne,,19
1692572660-1090,24/04/2023,14/05/2023,17/05/2023,163,163,Chambre Lits Jumeaux,,Kyriad Tarbes Bastillac,Tarbes,,19
