web-scraper-order,date_price,date_debut,date_fin,prix_init,prix_actuel,typologie,n_offre,nom,localite,date_debut-jour,Nb semaines
1692665414-1,24/04/2023,07/05/2023,14/05/2023,588,551,Petite Chambre Double,,Hôtel Maison Doron,Beaufort,,18
1692665414-2,24/04/2023,07/05/2023,14/05/2023,872,872,Chambre Lits Jumeaux,,Hôtel du Grand-Mont,Beaufort,,18
1692665414-3,24/04/2023,07/05/2023,14/05/2023,594,556,Chambre Lits Jumeaux Standard,,ULVF La Citadelle de Conflans,Albertville,,18
1692665414-4,24/04/2023,07/05/2023,14/05/2023,573,537,Chambre Lits Jumeaux,,Auberge de Costaroche,Albertville,,18
1692665414-5,24/04/2023,07/05/2023,14/05/2023,1157,1157,Chambre Double ou Lits Jumeaux Confort ,,Au Coin Du Feu,Megève,,18
1692665414-6,24/04/2023,07/05/2023,14/05/2023,438,438,Chambre Lits Jumeaux Standard,,Hôtel Le Savoie,Albertville,,18
1692665414-7,24/04/2023,07/05/2023,14/05/2023,767,767,Chambre Lits Jumeaux Standard,,ibis Styles Albertville,Albertville,,18
1692665414-8,24/04/2023,07/05/2023,14/05/2023,1078,1078,Chambre Lits Jumeaux Classique avec Canapé-Lit,,Novotel Megève Mont-Blanc,Megève,,18
1692665414-9,24/04/2023,07/05/2023,14/05/2023,697,697,Chambre Double avec Salle de Bains Privative,,Hôtel Flor'Alpes,La Giettaz,,18
1692665414-10,24/04/2023,07/05/2023,14/05/2023,681,637,Chambre Double,,Albert 1er,Albertville,,18
1692665414-11,24/04/2023,07/05/2023,14/05/2023,570,534,Chambre Double ou Lits Jumeaux Classique,,Le Roma,Albertville,,18
1692665414-12,24/04/2023,07/05/2023,14/05/2023,352,352,Chambre Double,,Fasthotel Albertville,Albertville,,18
1692665414-13,24/04/2023,07/05/2023,14/05/2023,540,540,Chambre Triple,,ibis budget Albertville,Gilly-sur-Isère,,18
1692665414-14,24/04/2023,07/05/2023,14/05/2023,2352,2199,Chambre Double Deluxe avec Balcon,,Magic Megève Bois,Demi-Quartier,,18
1692665414-15,24/04/2023,07/05/2023,14/05/2023,687,644,Chambre Double Standard,,Brit Hotel Florimont,Saint-Ferréol,,18
1692665414-16,24/04/2023,07/05/2023,14/05/2023,1542,1542,Chambre Supérieure Double ou Twin avec Terrasse et Vue sur le Mont d'Arbois et le Mont-Blanc,,Hôtel Arbois Bettex,Saint-Gervais-les-Bains,,18
1692665414-17,24/04/2023,07/05/2023,14/05/2023,1404,1404,Chambre Double avec Balcon,,"Hôtel Restaurant ""Les Sapins"" Wellness & Gourmet",Manigod,,18
1692665414-18,24/04/2023,07/05/2023,14/05/2023,1021,871,Chambre Lits Jumeaux - Vue sur Piscine - 9,,Le Coin Savoyard,Combloux,,18
1692665414-19,24/04/2023,07/05/2023,14/05/2023,670,670,Chambre Lits Jumeaux Standard,,"Hôtel de Genève , Faverges-Seythenex 74210, Haute Savoie",Faverges,,18
1692665414-20,24/04/2023,07/05/2023,14/05/2023,3042,2847,Suite Junior (2 Adultes),,Les Chalets-Hôtel de la Croix-Fry,Manigod,,18
1692665414-21,24/04/2023,07/05/2023,14/05/2023,443,443,Chambre Double Économique,,Hotel La Montagne,La Clusaz,,18
1692665414-22,24/04/2023,07/05/2023,14/05/2023,699,699,Petite Chambre Double ou Lits Jumeaux avec Balcon,,Hotel Beauregard,La Clusaz,,18
1692665414-23,24/04/2023,07/05/2023,14/05/2023,972,909,Chambre Triple - Aravis,,Chalet Les Rhodos,Cordon,,18
1692665414-24,24/04/2023,07/05/2023,14/05/2023,564,564,Chambre Double,,Hôtel Les Dômes de Miage,Saint-Gervais-les-Bains,,18
1692665414-25,24/04/2023,07/05/2023,14/05/2023,2647,2423,Suite,,Chalet-Hôtel Inarpa,La Clusaz,,18
1692665414-26,24/04/2023,07/05/2023,14/05/2023,588,551,Petite Chambre Double,,Hôtel Maison Doron,Beaufort,,18
1692665414-27,24/04/2023,07/05/2023,14/05/2023,872,872,Chambre Lits Jumeaux,,Hôtel du Grand-Mont,Beaufort,,18
1692665414-28,24/04/2023,07/05/2023,14/05/2023,594,556,Chambre Lits Jumeaux Standard,,ULVF La Citadelle de Conflans,Albertville,,18
1692665414-29,24/04/2023,07/05/2023,14/05/2023,573,537,Chambre Lits Jumeaux,,Auberge de Costaroche,Albertville,,18
1692665414-30,24/04/2023,07/05/2023,14/05/2023,1157,1157,Chambre Double ou Lits Jumeaux Confort ,,Au Coin Du Feu,Megève,,18
1692665414-31,24/04/2023,07/05/2023,14/05/2023,438,438,Chambre Lits Jumeaux Standard,,Hôtel Le Savoie,Albertville,,18
1692665414-32,24/04/2023,07/05/2023,14/05/2023,767,767,Chambre Lits Jumeaux Standard,,ibis Styles Albertville,Albertville,,18
1692665414-33,24/04/2023,07/05/2023,14/05/2023,1078,1078,Chambre Lits Jumeaux Classique avec Canapé-Lit,,Novotel Megève Mont-Blanc,Megève,,18
1692665414-34,24/04/2023,07/05/2023,14/05/2023,697,697,Chambre Double avec Salle de Bains Privative,,Hôtel Flor'Alpes,La Giettaz,,18
1692665414-35,24/04/2023,07/05/2023,14/05/2023,681,637,Chambre Double,,Albert 1er,Albertville,,18
1692665414-36,24/04/2023,07/05/2023,14/05/2023,570,534,Chambre Double ou Lits Jumeaux Classique,,Le Roma,Albertville,,18
1692665414-37,24/04/2023,07/05/2023,14/05/2023,352,352,Chambre Double,,Fasthotel Albertville,Albertville,,18
1692665414-38,24/04/2023,07/05/2023,14/05/2023,540,540,Chambre Triple,,ibis budget Albertville,Gilly-sur-Isère,,18
1692665414-39,24/04/2023,07/05/2023,14/05/2023,2352,2199,Chambre Double Deluxe avec Balcon,,Magic Megève Bois,Demi-Quartier,,18
1692665414-40,24/04/2023,07/05/2023,14/05/2023,687,644,Chambre Double Standard,,Brit Hotel Florimont,Saint-Ferréol,,18
1692665414-41,24/04/2023,07/05/2023,14/05/2023,1542,1542,Chambre Supérieure Double ou Twin avec Terrasse et Vue sur le Mont d'Arbois et le Mont-Blanc,,Hôtel Arbois Bettex,Saint-Gervais-les-Bains,,18
1692665414-42,24/04/2023,07/05/2023,14/05/2023,1404,1404,Chambre Double avec Balcon,,"Hôtel Restaurant ""Les Sapins"" Wellness & Gourmet",Manigod,,18
1692665414-43,24/04/2023,07/05/2023,14/05/2023,1021,871,Chambre Lits Jumeaux - Vue sur Piscine - 9,,Le Coin Savoyard,Combloux,,18
1692665414-44,24/04/2023,07/05/2023,14/05/2023,670,670,Chambre Lits Jumeaux Standard,,"Hôtel de Genève , Faverges-Seythenex 74210, Haute Savoie",Faverges,,18
1692665414-45,24/04/2023,07/05/2023,14/05/2023,3042,2847,Suite Junior (2 Adultes),,Les Chalets-Hôtel de la Croix-Fry,Manigod,,18
1692665414-46,24/04/2023,07/05/2023,14/05/2023,443,443,Chambre Double Économique,,Hotel La Montagne,La Clusaz,,18
1692665414-47,24/04/2023,07/05/2023,14/05/2023,699,699,Petite Chambre Double ou Lits Jumeaux avec Balcon,,Hotel Beauregard,La Clusaz,,18
1692665414-48,24/04/2023,07/05/2023,14/05/2023,972,909,Chambre Triple - Aravis,,Chalet Les Rhodos,Cordon,,18
1692665414-49,24/04/2023,07/05/2023,14/05/2023,564,564,Chambre Double,,Hôtel Les Dômes de Miage,Saint-Gervais-les-Bains,,18
1692665414-50,24/04/2023,07/05/2023,14/05/2023,2647,2423,Suite,,Chalet-Hôtel Inarpa,La Clusaz,,18
1692665414-51,24/04/2023,07/05/2023,14/05/2023,752,704,Chambre Double Confort,,"The Originals City, Hôtel du Faucigny, Cluses Ouest",Scionzier,,18
1692665414-52,24/04/2023,07/05/2023,14/05/2023,1149,1149,Chambre Double Supérieure avec Douche,,La Croix de Savoie & Spa,Les Carroz d'Arâches,,18
1692665414-53,24/04/2023,07/05/2023,14/05/2023,912,912,Chambre Lits Jumeaux Standard,,Ibis Styles Sallanches Pays du Mont-Blanc,Sallanches,,18
1692665414-54,24/04/2023,07/05/2023,14/05/2023,573,573,Chambre Standard avec 1 Lit Double et 1 Lit Simple,,Ibis Hôtel Sallanches,Sallanches,,18
1692665414-55,24/04/2023,07/05/2023,14/05/2023,1644,1540,Chambre Double,,"Chalet-Hôtel La Marmotte, La Tapiaz & SPA, The Originals Relais (Hotel-Chalet de Tradition)",Les Gets,,18
1692665414-56,24/04/2023,07/05/2023,14/05/2023,469,469,Chambre Triple avec Lit Superposé,,Ibis Budget Sallanches,Sallanches,,18
1692665414-57,24/04/2023,07/05/2023,14/05/2023,745,745,Chambre Double ou Lits Jumeaux Classique,,Chamois d'Or Hotel,Les Gets,,18
1692665414-58,24/04/2023,07/05/2023,14/05/2023,669,626,Chambre Double Confort,,Accueil Savoyard,Mieussy,,18
1692665414-59,24/04/2023,07/05/2023,14/05/2023,473,473,Chambre Double - Vue sur Montagne,,HOTEL Le TOURISME,Passy,,18
1692665414-60,24/04/2023,07/05/2023,14/05/2023,771,771,Petite Chambre Double,,Hotel Rhodos Morzine,Morzine,,18
1692665414-61,24/04/2023,07/05/2023,14/05/2023,1244,1244,Suite - Vue sur Montagne,,Le Chalet Hôtel Cordon,Cordon,,18
1692665414-62,24/04/2023,07/05/2023,14/05/2023,972,909,Chambre Triple - Aravis,,Chalet Les Rhodos,Cordon,,18
1692665414-63,24/04/2023,07/05/2023,14/05/2023,702,702,Chambre Double,,Auberge Les Gorges De La Diosaz,Servoz,,18
1692665414-64,24/04/2023,07/05/2023,14/05/2023,643,643,Chambre Triple,,Hotel La Chaumiere,Saint-Gervais-les-Bains,,18
1692665414-65,24/04/2023,07/05/2023,14/05/2023,931,795,Chambre Double,,Chalet Hôtel des 2 Gares,Saint-Gervais-les-Bains,,18
1692665414-66,24/04/2023,07/05/2023,14/05/2023,483,483,Chambre Lits Jumeaux,,Hotel Terminus,Saint-Gervais-les-Bains,,18
1692665414-67,24/04/2023,07/05/2023,14/05/2023,1021,871,Chambre Lits Jumeaux - Vue sur Piscine - 9,,Le Coin Savoyard,Combloux,,18
1692665414-68,24/04/2023,07/05/2023,14/05/2023,622,622,Chambre Triple Classique,,Hôtel Val d'Este,Saint-Gervais-les-Bains,,18
1692665414-69,24/04/2023,07/05/2023,14/05/2023,1542,1542,Chambre Supérieure Double ou Twin avec Terrasse et Vue sur le Mont d'Arbois et le Mont-Blanc,,Hôtel Arbois Bettex,Saint-Gervais-les-Bains,,18
1692665414-70,24/04/2023,07/05/2023,14/05/2023,2352,2199,Chambre Double Deluxe avec Balcon,,Magic Megève Bois,Demi-Quartier,,18
1692665414-71,24/04/2023,07/05/2023,14/05/2023,1237,1237,Cottage,,Guest House du Grand Paradis,Champéry,,18
1692665414-72,24/04/2023,07/05/2023,14/05/2023,786,786,Chambre Quadruple - Côté Forêt,,Les Campanules,Les Houches,,18
1692665414-73,24/04/2023,07/05/2023,14/05/2023,720,650,Chambre Lits Jumeaux Côté Vallée,,Le Saint Antoine,Les Houches,,18
1692665414-74,24/04/2023,07/05/2023,14/05/2023,725,725,Chambre avec 1 Lit Double ou 2 Lits Simples,,ibis Styles Les Houches Chamonix,Les Houches,,18
1692665414-75,24/04/2023,07/05/2023,14/05/2023,564,564,Chambre Double,,Hôtel Les Dômes de Miage,Saint-Gervais-les-Bains,,18
1692665414-76,24/04/2023,07/05/2023,14/05/2023,752,704,Chambre Double Confort,,"The Originals City, Hôtel du Faucigny, Cluses Ouest",Scionzier,,18
1692665414-77,24/04/2023,07/05/2023,14/05/2023,1149,1149,Chambre Double Supérieure avec Douche,,La Croix de Savoie & Spa,Les Carroz d'Arâches,,18
1692665414-78,24/04/2023,07/05/2023,14/05/2023,912,912,Chambre Lits Jumeaux Standard,,Ibis Styles Sallanches Pays du Mont-Blanc,Sallanches,,18
1692665414-79,24/04/2023,07/05/2023,14/05/2023,573,573,Chambre Standard avec 1 Lit Double et 1 Lit Simple,,Ibis Hôtel Sallanches,Sallanches,,18
1692665414-80,24/04/2023,07/05/2023,14/05/2023,1644,1540,Chambre Double,,"Chalet-Hôtel La Marmotte, La Tapiaz & SPA, The Originals Relais (Hotel-Chalet de Tradition)",Les Gets,,18
1692665414-81,24/04/2023,07/05/2023,14/05/2023,469,469,Chambre Triple avec Lit Superposé,,Ibis Budget Sallanches,Sallanches,,18
1692665414-82,24/04/2023,07/05/2023,14/05/2023,745,745,Chambre Double ou Lits Jumeaux Classique,,Chamois d'Or Hotel,Les Gets,,18
1692665414-83,24/04/2023,07/05/2023,14/05/2023,669,626,Chambre Double Confort,,Accueil Savoyard,Mieussy,,18
1692665414-84,24/04/2023,07/05/2023,14/05/2023,473,473,Chambre Double - Vue sur Montagne,,HOTEL Le TOURISME,Passy,,18
1692665414-85,24/04/2023,07/05/2023,14/05/2023,771,771,Petite Chambre Double,,Hotel Rhodos Morzine,Morzine,,18
1692665414-86,24/04/2023,07/05/2023,14/05/2023,1244,1244,Suite - Vue sur Montagne,,Le Chalet Hôtel Cordon,Cordon,,18
1692665414-87,24/04/2023,07/05/2023,14/05/2023,972,909,Chambre Triple - Aravis,,Chalet Les Rhodos,Cordon,,18
1692665414-88,24/04/2023,07/05/2023,14/05/2023,702,702,Chambre Double,,Auberge Les Gorges De La Diosaz,Servoz,,18
1692665414-89,24/04/2023,07/05/2023,14/05/2023,643,643,Chambre Triple,,Hotel La Chaumiere,Saint-Gervais-les-Bains,,18
1692665414-90,24/04/2023,07/05/2023,14/05/2023,931,795,Chambre Double,,Chalet Hôtel des 2 Gares,Saint-Gervais-les-Bains,,18
1692665414-91,24/04/2023,07/05/2023,14/05/2023,483,483,Chambre Lits Jumeaux,,Hotel Terminus,Saint-Gervais-les-Bains,,18
1692665414-92,24/04/2023,07/05/2023,14/05/2023,1021,871,Chambre Lits Jumeaux - Vue sur Piscine - 9,,Le Coin Savoyard,Combloux,,18
1692665414-93,24/04/2023,07/05/2023,14/05/2023,622,622,Chambre Triple Classique,,Hôtel Val d'Este,Saint-Gervais-les-Bains,,18
1692665414-94,24/04/2023,07/05/2023,14/05/2023,1542,1542,Chambre Supérieure Double ou Twin avec Terrasse et Vue sur le Mont d'Arbois et le Mont-Blanc,,Hôtel Arbois Bettex,Saint-Gervais-les-Bains,,18
1692665414-95,24/04/2023,07/05/2023,14/05/2023,2352,2199,Chambre Double Deluxe avec Balcon,,Magic Megève Bois,Demi-Quartier,,18
1692665414-96,24/04/2023,07/05/2023,14/05/2023,1237,1237,Cottage,,Guest House du Grand Paradis,Champéry,,18
1692665414-97,24/04/2023,07/05/2023,14/05/2023,786,786,Chambre Quadruple - Côté Forêt,,Les Campanules,Les Houches,,18
1692665414-98,24/04/2023,07/05/2023,14/05/2023,720,650,Chambre Lits Jumeaux Côté Vallée,,Le Saint Antoine,Les Houches,,18
1692665414-99,24/04/2023,07/05/2023,14/05/2023,725,725,Chambre avec 1 Lit Double ou 2 Lits Simples,,ibis Styles Les Houches Chamonix,Les Houches,,18
1692665414-100,24/04/2023,07/05/2023,14/05/2023,564,564,Chambre Double,,Hôtel Les Dômes de Miage,Saint-Gervais-les-Bains,,18
1692665414-101,24/04/2023,07/05/2023,14/05/2023,752,704,Chambre Double Confort,,"The Originals City, Hôtel du Faucigny, Cluses Ouest",Scionzier,,18
1692665414-102,24/04/2023,07/05/2023,14/05/2023,1149,1149,Chambre Double Supérieure avec Douche,,La Croix de Savoie & Spa,Les Carroz d'Arâches,,18
1692665414-103,24/04/2023,07/05/2023,14/05/2023,912,912,Chambre Lits Jumeaux Standard,,Ibis Styles Sallanches Pays du Mont-Blanc,Sallanches,,18
1692665414-104,24/04/2023,07/05/2023,14/05/2023,573,573,Chambre Standard avec 1 Lit Double et 1 Lit Simple,,Ibis Hôtel Sallanches,Sallanches,,18
1692665414-105,24/04/2023,07/05/2023,14/05/2023,1644,1540,Chambre Double,,"Chalet-Hôtel La Marmotte, La Tapiaz & SPA, The Originals Relais (Hotel-Chalet de Tradition)",Les Gets,,18
1692665414-106,24/04/2023,07/05/2023,14/05/2023,469,469,Chambre Triple avec Lit Superposé,,Ibis Budget Sallanches,Sallanches,,18
1692665414-107,24/04/2023,07/05/2023,14/05/2023,745,745,Chambre Double ou Lits Jumeaux Classique,,Chamois d'Or Hotel,Les Gets,,18
1692665414-108,24/04/2023,07/05/2023,14/05/2023,669,626,Chambre Double Confort,,Accueil Savoyard,Mieussy,,18
1692665414-109,24/04/2023,07/05/2023,14/05/2023,473,473,Chambre Double - Vue sur Montagne,,HOTEL Le TOURISME,Passy,,18
1692665414-110,24/04/2023,07/05/2023,14/05/2023,771,771,Petite Chambre Double,,Hotel Rhodos Morzine,Morzine,,18
1692665414-111,24/04/2023,07/05/2023,14/05/2023,1244,1244,Suite - Vue sur Montagne,,Le Chalet Hôtel Cordon,Cordon,,18
1692665414-112,24/04/2023,07/05/2023,14/05/2023,972,909,Chambre Triple - Aravis,,Chalet Les Rhodos,Cordon,,18
1692665414-113,24/04/2023,07/05/2023,14/05/2023,702,702,Chambre Double,,Auberge Les Gorges De La Diosaz,Servoz,,18
1692665414-114,24/04/2023,07/05/2023,14/05/2023,643,643,Chambre Triple,,Hotel La Chaumiere,Saint-Gervais-les-Bains,,18
1692665414-115,24/04/2023,07/05/2023,14/05/2023,931,795,Chambre Double,,Chalet Hôtel des 2 Gares,Saint-Gervais-les-Bains,,18
1692665414-116,24/04/2023,07/05/2023,14/05/2023,483,483,Chambre Lits Jumeaux,,Hotel Terminus,Saint-Gervais-les-Bains,,18
1692665414-117,24/04/2023,07/05/2023,14/05/2023,1021,871,Chambre Lits Jumeaux - Vue sur Piscine - 9,,Le Coin Savoyard,Combloux,,18
1692665414-118,24/04/2023,07/05/2023,14/05/2023,622,622,Chambre Triple Classique,,Hôtel Val d'Este,Saint-Gervais-les-Bains,,18
1692665414-119,24/04/2023,07/05/2023,14/05/2023,1542,1542,Chambre Supérieure Double ou Twin avec Terrasse et Vue sur le Mont d'Arbois et le Mont-Blanc,,Hôtel Arbois Bettex,Saint-Gervais-les-Bains,,18
1692665414-120,24/04/2023,07/05/2023,14/05/2023,2352,2199,Chambre Double Deluxe avec Balcon,,Magic Megève Bois,Demi-Quartier,,18
1692665414-121,24/04/2023,07/05/2023,14/05/2023,1237,1237,Cottage,,Guest House du Grand Paradis,Champéry,,18
1692665414-122,24/04/2023,07/05/2023,14/05/2023,786,786,Chambre Quadruple - Côté Forêt,,Les Campanules,Les Houches,,18
1692665414-123,24/04/2023,07/05/2023,14/05/2023,720,650,Chambre Lits Jumeaux Côté Vallée,,Le Saint Antoine,Les Houches,,18
1692665414-124,24/04/2023,07/05/2023,14/05/2023,725,725,Chambre avec 1 Lit Double ou 2 Lits Simples,,ibis Styles Les Houches Chamonix,Les Houches,,18
1692665414-125,24/04/2023,07/05/2023,14/05/2023,564,564,Chambre Double,,Hôtel Les Dômes de Miage,Saint-Gervais-les-Bains,,18
1692665414-126,24/04/2023,07/05/2023,14/05/2023,1174,1174,Chambre Double ou Lits Jumeaux Classique,,Hôtel Grandes Rousses,L'Alpe-d'Huez,,18
1692665414-135,24/04/2023,07/05/2023,14/05/2023,884,884,Studio - Accessible aux Personnes à Mobilité Réduite ,,Auberge des Montauds,Villard-de-Lans,,18
1692665414-136,24/04/2023,07/05/2023,14/05/2023,713,668,Chambre Double,,Hôtel Les Portes du Vercors,Saint-Marcellin,,18
1692665414-137,24/04/2023,07/05/2023,14/05/2023,815,815,Chambre Double ou Lits Jumeaux,,Logis Le Vernay,Autrans,,18
1692665414-138,24/04/2023,07/05/2023,14/05/2023,784,784,Chambre Quadruple,,Hôtel Valery,Montélier,,18
1692665414-139,24/04/2023,07/05/2023,14/05/2023,890,890,Chambre Double,,Hôtel Le Dauphin,Villard-de-Lans,,18
1692665414-140,24/04/2023,07/05/2023,14/05/2023,1474,1474,Suite,,Le Castel Fleuri,Saint-Jean-en-Royans,,18
1692665414-141,24/04/2023,07/05/2023,14/05/2023,665,622,Chambre Triple avec Toilettes Communes,,Les 4 Montagnes,Villard-de-Lans,,18
1692665414-142,24/04/2023,07/05/2023,14/05/2023,2117,2117,Chambre Supérieure avec Balcon,,Hôtel National Resort & Spa,Champéry,,18
1692665414-143,24/04/2023,07/05/2023,14/05/2023,1356,1356,Chambre Double Supérieure,,Le White,Champéry,,18
1692665414-144,24/04/2023,07/05/2023,14/05/2023,1644,1540,Chambre Double,,"Chalet-Hôtel La Marmotte, La Tapiaz & SPA, The Originals Relais (Hotel-Chalet de Tradition)",Les Gets,,18
1692665414-145,24/04/2023,07/05/2023,14/05/2023,745,745,Chambre Double ou Lits Jumeaux Classique,,Chamois d'Or Hotel,Les Gets,,18
1692665414-146,24/04/2023,07/05/2023,14/05/2023,1210,1210,Chambre Double Économique - Vue sur Village,,Hotel Suisse,Champéry,,18
1692665414-147,24/04/2023,07/05/2023,14/05/2023,863,863,Chambre Double,,Le Castellan,Châtel,,18
1692665414-148,24/04/2023,07/05/2023,14/05/2023,771,771,Petite Chambre Double,,Hotel Rhodos Morzine,Morzine,,18
1692665414-149,24/04/2023,07/05/2023,14/05/2023,1237,1237,Cottage,,Guest House du Grand Paradis,Champéry,,18
1692665414-150,24/04/2023,07/05/2023,14/05/2023,1182,1182,Chambre Double,,Hotel-Restaurant le Relais Panoramique,Les Crosets,,18
1692665414-151,24/04/2023,07/05/2023,14/05/2023,1083,1083,Chambre Double,,Le Manoir Vionnaz,Vionnaz,,18
1692665414-152,24/04/2023,07/05/2023,14/05/2023,980,980,Chambre Triple,,Hôtel Plein Soleil,Vacheresse,,18
1692665414-153,24/04/2023,07/05/2023,14/05/2023,7260,7260,Suite Pod Suisse,,Whitepod Eco-Luxury Hotel,Monthey,,18
1692665414-154,24/04/2023,07/05/2023,14/05/2023,882,882,Chambre Double,,Le Cro-Bidou,Bernex,,18
1692665414-155,24/04/2023,07/05/2023,14/05/2023,1025,1025,Chambre Lits Jumeaux Standard,,La Dent-du-Midi Hôtel & Restaurant,Saint-Maurice,,18
1692665414-156,24/04/2023,07/05/2023,14/05/2023,1099,1099,Chambre Double – Vue sur Lac,,Hotel Le Rivage,Saint-Gingolph,,18
1692665414-157,24/04/2023,07/05/2023,14/05/2023,769,769,Chambre Double,,Hôtellerie Franciscaine,Saint-Maurice,,18
1692665414-158,24/04/2023,07/05/2023,14/05/2023,948,948,Chambre Double,,Hotel Le Cedre,Bex,,18
1692665414-159,24/04/2023,07/05/2023,14/05/2023,1139,1139,Chambre Double,,Auberge Communale de la Couronne,Yvorne,,18
1692665414-160,24/04/2023,07/05/2023,14/05/2023,1253,1253,Chambre Double Standard,,Hotel Du Nord,Aigle,,18
1692665414-161,24/04/2023,07/05/2023,14/05/2023,671,671,Chambre Double,,Bon-Séjour,Thollon-les-Mémises,,18
1692665414-162,24/04/2023,07/05/2023,14/05/2023,1139,1139,Chambre Double,,Hôtel Restaurant Le Saint-Christophe,Bex,,18
1692665414-163,24/04/2023,07/05/2023,14/05/2023,1400,1400,Chalet Supérieur,,L'Auberge des 4 Vents,Saint-Paul-en-Chablais,,18
1692665414-164,24/04/2023,07/05/2023,14/05/2023,1122,1122,Chambre Double Supérieure,,Hôtel de Ville d'Ollon,Ollon,,18
1692665414-165,24/04/2023,07/05/2023,14/05/2023,669,626,Chambre Double Confort,,Accueil Savoyard,Mieussy,,18
1692665414-166,24/04/2023,07/05/2023,14/05/2023,700,700,Chambre Double,,Alpine Classic Hotel,Leysin,,18
1692665414-167,24/04/2023,07/05/2023,14/05/2023,2117,2117,Chambre Supérieure avec Balcon,,Hôtel National Resort & Spa,Champéry,,18
1692665414-168,24/04/2023,07/05/2023,14/05/2023,1356,1356,Chambre Double Supérieure,,Le White,Champéry,,18
1692665414-169,24/04/2023,07/05/2023,14/05/2023,1644,1540,Chambre Double,,"Chalet-Hôtel La Marmotte, La Tapiaz & SPA, The Originals Relais (Hotel-Chalet de Tradition)",Les Gets,,18
1692665414-170,24/04/2023,07/05/2023,14/05/2023,745,745,Chambre Double ou Lits Jumeaux Classique,,Chamois d'Or Hotel,Les Gets,,18
1692665414-171,24/04/2023,07/05/2023,14/05/2023,1210,1210,Chambre Double Économique - Vue sur Village,,Hotel Suisse,Champéry,,18
1692665414-172,24/04/2023,07/05/2023,14/05/2023,863,863,Chambre Double,,Le Castellan,Châtel,,18
1692665414-173,24/04/2023,07/05/2023,14/05/2023,771,771,Petite Chambre Double,,Hotel Rhodos Morzine,Morzine,,18
1692665414-174,24/04/2023,07/05/2023,14/05/2023,1237,1237,Cottage,,Guest House du Grand Paradis,Champéry,,18
1692665414-175,24/04/2023,07/05/2023,14/05/2023,1182,1182,Chambre Double,,Hotel-Restaurant le Relais Panoramique,Les Crosets,,18
1692665414-176,24/04/2023,07/05/2023,14/05/2023,1083,1083,Chambre Double,,Le Manoir Vionnaz,Vionnaz,,18
1692665414-177,24/04/2023,07/05/2023,14/05/2023,980,980,Chambre Triple,,Hôtel Plein Soleil,Vacheresse,,18
1692665414-178,24/04/2023,07/05/2023,14/05/2023,7260,7260,Suite Pod Suisse,,Whitepod Eco-Luxury Hotel,Monthey,,18
1692665414-179,24/04/2023,07/05/2023,14/05/2023,882,882,Chambre Double,,Le Cro-Bidou,Bernex,,18
1692665414-180,24/04/2023,07/05/2023,14/05/2023,1025,1025,Chambre Lits Jumeaux Standard,,La Dent-du-Midi Hôtel & Restaurant,Saint-Maurice,,18
1692665414-181,24/04/2023,07/05/2023,14/05/2023,1099,1099,Chambre Double – Vue sur Lac,,Hotel Le Rivage,Saint-Gingolph,,18
1692665414-182,24/04/2023,07/05/2023,14/05/2023,769,769,Chambre Double,,Hôtellerie Franciscaine,Saint-Maurice,,18
1692665414-183,24/04/2023,07/05/2023,14/05/2023,948,948,Chambre Double,,Hotel Le Cedre,Bex,,18
1692665414-184,24/04/2023,07/05/2023,14/05/2023,1139,1139,Chambre Double,,Auberge Communale de la Couronne,Yvorne,,18
1692665414-185,24/04/2023,07/05/2023,14/05/2023,1253,1253,Chambre Double Standard,,Hotel Du Nord,Aigle,,18
1692665414-186,24/04/2023,07/05/2023,14/05/2023,671,671,Chambre Double,,Bon-Séjour,Thollon-les-Mémises,,18
1692665414-187,24/04/2023,07/05/2023,14/05/2023,1139,1139,Chambre Double,,Hôtel Restaurant Le Saint-Christophe,Bex,,18
1692665414-188,24/04/2023,07/05/2023,14/05/2023,1400,1400,Chalet Supérieur,,L'Auberge des 4 Vents,Saint-Paul-en-Chablais,,18
1692665414-189,24/04/2023,07/05/2023,14/05/2023,1122,1122,Chambre Double Supérieure,,Hôtel de Ville d'Ollon,Ollon,,18
1692665414-190,24/04/2023,07/05/2023,14/05/2023,669,626,Chambre Double Confort,,Accueil Savoyard,Mieussy,,18
1692665414-191,24/04/2023,07/05/2023,14/05/2023,700,700,Chambre Double,,Alpine Classic Hotel,Leysin,,18
1692665414-192,24/04/2023,07/05/2023,14/05/2023,2345,2345,Chambre Prestige avec Balcon - Accès Gratuit au Spa,,Rivage Hôtel & Spa Annecy,Annecy,,18
1692665414-193,24/04/2023,07/05/2023,14/05/2023,5554,5554,Suite Prestige - Côté Lac,,Impérial Palace,Annecy,,18
1692665414-194,24/04/2023,07/05/2023,14/05/2023,670,670,Chambre Lits Jumeaux Standard,,"Hôtel de Genève , Faverges-Seythenex 74210, Haute Savoie",Faverges,,18
1692665414-195,24/04/2023,07/05/2023,14/05/2023,743,696,Chambre Double ou Lits Jumeaux,,Hôtel Restaurant Arcalod,Doussard,,18
1692665414-196,24/04/2023,07/05/2023,14/05/2023,2466,2466,Chambre Double ou Lits Jumeaux Supérieure,,Le Pélican,Annecy,,18
1692665414-197,24/04/2023,07/05/2023,14/05/2023,862,862,Chambre Double Classique – Côté Lac,,Hotel des Marquisats,Annecy,,18
1692665414-198,24/04/2023,07/05/2023,14/05/2023,2399,2399,Chambre avec Balcon - Vue sur Lac,,Black Bass Hotel,Sévrier,,18
1692665414-199,24/04/2023,07/05/2023,14/05/2023,2526,2526,Chambre Double ou Lits Jumeaux Élégance,,Les Trésoms Lake and Spa Resort,Annecy,,18
1692665414-200,24/04/2023,07/05/2023,14/05/2023,1030,1030,Chambre Double Supérieure avec Balcon,,Logis hôtel Annecy nord / Argonay,Argonay,,18
1692665414-201,24/04/2023,07/05/2023,14/05/2023,805,805,Chambre Double,,Hotel Novel Restaurant La Mamma,Annecy,,18
1692665414-202,24/04/2023,07/05/2023,14/05/2023,1625,1625,Chambre Exécutive Lit Queen-Size,,Best Western Plus Hotel Carlton Annecy,"Centre-ville d'Annecy, Annecy",,18
1692665414-203,24/04/2023,07/05/2023,14/05/2023,677,677,Chambre Double,,Auberge Le Semnoz,Saint-Jorioz,,18
1692665414-204,24/04/2023,07/05/2023,14/05/2023,752,704,Chambre Double Confort,,"The Originals City, Hôtel du Faucigny, Cluses Ouest",Scionzier,,18
1692665414-205,24/04/2023,07/05/2023,14/05/2023,793,793,Chambre Double - Vue sur Canal,,Hotel de Savoie,"Centre-ville d'Annecy, Annecy",,18
1692665414-206,24/04/2023,07/05/2023,14/05/2023,1161,1161,Chambre Double ou Lits Jumeaux Classique,,Mercure Annecy Centre,"Centre-ville d'Annecy, Annecy",,18
1692665414-207,24/04/2023,07/05/2023,14/05/2023,1109,1109,Chambre Double Standard - Non-Fumeurs,,Best Western Hotel International,"Centre-ville d'Annecy, Annecy",,18
1692665414-208,24/04/2023,07/05/2023,14/05/2023,1542,1542,Chambre Supérieure Double ou Twin avec Terrasse et Vue sur le Mont d'Arbois et le Mont-Blanc,,Hôtel Arbois Bettex,Saint-Gervais-les-Bains,,18
1692665414-209,24/04/2023,07/05/2023,14/05/2023,488,488,Chambre Lits Jumeaux,,Premiere Classe Annecy Cran-Gevrier,Annecy,,18
1692665414-210,24/04/2023,07/05/2023,14/05/2023,661,661,Chambre Double ou Lits Jumeaux,,"The Originals City, Hôtel Annecy Aéroport (Inter-Hotel)",Metz-Tessy,,18
1692665414-211,24/04/2023,07/05/2023,14/05/2023,971,971,Chambre Double Standard,,Mercure Annecy Sud,Annecy,,18
1692665414-212,24/04/2023,07/05/2023,14/05/2023,1149,1149,Chambre Double Supérieure avec Douche,,La Croix de Savoie & Spa,Les Carroz d'Arâches,,18
1692665414-213,24/04/2023,07/05/2023,14/05/2023,696,696,Chambre Lit Queen-Size Standard - Non-Fumeurs,,Sure Hotel by Best Western Annecy,Annecy,,18
1692665414-214,24/04/2023,07/05/2023,14/05/2023,643,643,Chambre Triple,,Hotel La Chaumiere,Saint-Gervais-les-Bains,,18
1692665414-215,24/04/2023,07/05/2023,14/05/2023,543,509,Chambre Double,,beaujour & bonsoir Brasserie-Hotel,Villy-le-Pelloux,,18
1692665414-216,24/04/2023,07/05/2023,14/05/2023,931,795,Chambre Double,,Chalet Hôtel des 2 Gares,Saint-Gervais-les-Bains,,18
1692665414-217,24/04/2023,07/05/2023,14/05/2023,2345,2345,Chambre Prestige avec Balcon - Accès Gratuit au Spa,,Rivage Hôtel & Spa Annecy,Annecy,,18
1692665414-218,24/04/2023,07/05/2023,14/05/2023,5554,5554,Suite Prestige - Côté Lac,,Impérial Palace,Annecy,,18
1692665414-219,24/04/2023,07/05/2023,14/05/2023,670,670,Chambre Lits Jumeaux Standard,,"Hôtel de Genève , Faverges-Seythenex 74210, Haute Savoie",Faverges,,18
1692665414-220,24/04/2023,07/05/2023,14/05/2023,743,696,Chambre Double ou Lits Jumeaux,,Hôtel Restaurant Arcalod,Doussard,,18
1692665414-221,24/04/2023,07/05/2023,14/05/2023,2466,2466,Chambre Double ou Lits Jumeaux Supérieure,,Le Pélican,Annecy,,18
1692665414-222,24/04/2023,07/05/2023,14/05/2023,862,862,Chambre Double Classique – Côté Lac,,Hotel des Marquisats,Annecy,,18
1692665414-223,24/04/2023,07/05/2023,14/05/2023,2399,2399,Chambre avec Balcon - Vue sur Lac,,Black Bass Hotel,Sévrier,,18
1692665414-224,24/04/2023,07/05/2023,14/05/2023,2526,2526,Chambre Double ou Lits Jumeaux Élégance,,Les Trésoms Lake and Spa Resort,Annecy,,18
1692665414-225,24/04/2023,07/05/2023,14/05/2023,1030,1030,Chambre Double Supérieure avec Balcon,,Logis hôtel Annecy nord / Argonay,Argonay,,18
1692665414-226,24/04/2023,07/05/2023,14/05/2023,805,805,Chambre Double,,Hotel Novel Restaurant La Mamma,Annecy,,18
1692665414-227,24/04/2023,07/05/2023,14/05/2023,1625,1625,Chambre Exécutive Lit Queen-Size,,Best Western Plus Hotel Carlton Annecy,"Centre-ville d'Annecy, Annecy",,18
1692665414-228,24/04/2023,07/05/2023,14/05/2023,677,677,Chambre Double,,Auberge Le Semnoz,Saint-Jorioz,,18
1692665414-229,24/04/2023,07/05/2023,14/05/2023,752,704,Chambre Double Confort,,"The Originals City, Hôtel du Faucigny, Cluses Ouest",Scionzier,,18
1692665414-230,24/04/2023,07/05/2023,14/05/2023,793,793,Chambre Double - Vue sur Canal,,Hotel de Savoie,"Centre-ville d'Annecy, Annecy",,18
1692665414-231,24/04/2023,07/05/2023,14/05/2023,1161,1161,Chambre Double ou Lits Jumeaux Classique,,Mercure Annecy Centre,"Centre-ville d'Annecy, Annecy",,18
1692665414-232,24/04/2023,07/05/2023,14/05/2023,1109,1109,Chambre Double Standard - Non-Fumeurs,,Best Western Hotel International,"Centre-ville d'Annecy, Annecy",,18
1692665414-233,24/04/2023,07/05/2023,14/05/2023,1542,1542,Chambre Supérieure Double ou Twin avec Terrasse et Vue sur le Mont d'Arbois et le Mont-Blanc,,Hôtel Arbois Bettex,Saint-Gervais-les-Bains,,18
1692665414-234,24/04/2023,07/05/2023,14/05/2023,488,488,Chambre Lits Jumeaux,,Premiere Classe Annecy Cran-Gevrier,Annecy,,18
1692665414-235,24/04/2023,07/05/2023,14/05/2023,661,661,Chambre Double ou Lits Jumeaux,,"The Originals City, Hôtel Annecy Aéroport (Inter-Hotel)",Metz-Tessy,,18
1692665414-236,24/04/2023,07/05/2023,14/05/2023,971,971,Chambre Double Standard,,Mercure Annecy Sud,Annecy,,18
1692665414-237,24/04/2023,07/05/2023,14/05/2023,1149,1149,Chambre Double Supérieure avec Douche,,La Croix de Savoie & Spa,Les Carroz d'Arâches,,18
1692665414-238,24/04/2023,07/05/2023,14/05/2023,696,696,Chambre Lit Queen-Size Standard - Non-Fumeurs,,Sure Hotel by Best Western Annecy,Annecy,,18
1692665414-239,24/04/2023,07/05/2023,14/05/2023,643,643,Chambre Triple,,Hotel La Chaumiere,Saint-Gervais-les-Bains,,18
1692665414-240,24/04/2023,07/05/2023,14/05/2023,543,509,Chambre Double,,beaujour & bonsoir Brasserie-Hotel,Villy-le-Pelloux,,18
1692665414-241,24/04/2023,07/05/2023,14/05/2023,931,795,Chambre Double,,Chalet Hôtel des 2 Gares,Saint-Gervais-les-Bains,,18
1692665414-242,24/04/2023,07/05/2023,14/05/2023,653,647,Chambre Double,,Hotel Le Chamonix,"Chamonix City Centre, Chamonix-Mont-Blanc",,18
1692665414-243,24/04/2023,07/05/2023,14/05/2023,1171,1171,Chambre Double Supérieure,,Chalet hôtel le Whymper,"Chamonix City Centre, Chamonix-Mont-Blanc",,18
1692665414-244,24/04/2023,07/05/2023,14/05/2023,1181,1181,Chambre Double Premium,,La Folie Douce Hotels Chamonix,"Chamonix City Centre, Chamonix-Mont-Blanc",,18
1692665414-245,24/04/2023,07/05/2023,14/05/2023,1491,1491,Chambre Supérieure avec Canapé et Balcon - Vue sur Mont Blanc,,Alpina Eclectic Hotel,"Chamonix City Centre, Chamonix-Mont-Blanc",,18
1692665414-246,24/04/2023,07/05/2023,14/05/2023,786,786,Chambre Quadruple - Côté Forêt,,Les Campanules,Les Houches,,18
1692665414-247,24/04/2023,07/05/2023,14/05/2023,872,872,Chambre Double ou Lits Jumeaux Confort ,,Plan B Hotel - Living Chamonix,"Chamonix City Centre, Chamonix-Mont-Blanc",,18
1692665414-248,24/04/2023,07/05/2023,14/05/2023,1102,1102,Chambre Double Standard,,Heliopic Hotel & Spa,"Chamonix City Centre, Chamonix-Mont-Blanc",,18
1692665414-249,24/04/2023,07/05/2023,14/05/2023,720,650,Chambre Lits Jumeaux Côté Vallée,,Le Saint Antoine,Les Houches,,18
1692665414-250,24/04/2023,07/05/2023,14/05/2023,1114,1114,Chambre Double ou Lits Jumeaux Supérieure,,Hotel Le Morgane,"Chamonix City Centre, Chamonix-Mont-Blanc",,18
1692665414-251,24/04/2023,07/05/2023,14/05/2023,612,612,Chambre Double - Vue sur Montagne,,Vert Lodge Chamonix,Chamonix-Mont-Blanc,,18
1692665414-252,24/04/2023,07/05/2023,14/05/2023,858,858,Chambre Double ou Lits Jumeaux Standard,,Hôtel Le Refuge des Aiglons,"Chamonix City Centre, Chamonix-Mont-Blanc",,18
1692665414-253,24/04/2023,07/05/2023,14/05/2023,841,841,Chambre Double Standard,,Hôtel de L'Arve,"Chamonix City Centre, Chamonix-Mont-Blanc",,18
1692665414-254,24/04/2023,07/05/2023,14/05/2023,834,834,Chambre Double,,Cosmiques Hotel - Centre Chamonix,"Chamonix City Centre, Chamonix-Mont-Blanc",,18
1692665414-255,24/04/2023,07/05/2023,14/05/2023,972,909,Chambre Triple - Aravis,,Chalet Les Rhodos,Cordon,,18
1692665414-256,24/04/2023,07/05/2023,14/05/2023,953,714,Chambre Double Supérieure avec Balcon,,Excelsior Chamonix Hôtel & Spa,"Les Tines, Chamonix-Mont-Blanc",,18
1692665414-257,24/04/2023,07/05/2023,14/05/2023,573,573,Chambre Standard avec 1 Lit Double et 1 Lit Simple,,Ibis Hôtel Sallanches,Sallanches,,18
1692665414-258,24/04/2023,07/05/2023,14/05/2023,1157,1157,Chambre Double ou Lits Jumeaux Confort ,,Au Coin Du Feu,Megève,,18
1692665414-259,24/04/2023,07/05/2023,14/05/2023,682,682,Chambre Classique Wanderlust,,Wanderlust Motels Chamonix,"Les Bossons, Chamonix-Mont-Blanc",,18
1692665414-260,24/04/2023,07/05/2023,14/05/2023,918,918,Chambre Lits Jumeaux ou Double avec Balcon - Vue sur Montagne,,Pointe Isabelle,"Chamonix City Centre, Chamonix-Mont-Blanc",,18
1692665414-261,24/04/2023,07/05/2023,14/05/2023,1021,871,Chambre Lits Jumeaux - Vue sur Piscine - 9,,Le Coin Savoyard,Combloux,,18
1692665414-262,24/04/2023,07/05/2023,14/05/2023,469,469,Chambre Triple avec Lit Superposé,,Ibis Budget Sallanches,Sallanches,,18
1692665414-263,24/04/2023,07/05/2023,14/05/2023,959,818,Chambre Double Standard - Vue sur Le Brévent,,Langley Hotel Gustavia,"Chamonix City Centre, Chamonix-Mont-Blanc",,18
1692665414-264,24/04/2023,07/05/2023,14/05/2023,1542,1542,Chambre Supérieure Double ou Twin avec Terrasse et Vue sur le Mont d'Arbois et le Mont-Blanc,,Hôtel Arbois Bettex,Saint-Gervais-les-Bains,,18
1692665414-265,24/04/2023,07/05/2023,14/05/2023,643,643,Chambre Triple,,Hotel La Chaumiere,Saint-Gervais-les-Bains,,18
1692665414-266,24/04/2023,07/05/2023,14/05/2023,902,902,Chambre Double ou Lits Jumeaux avec Vue sur le Mont Blanc,,Chalet Hôtel Le Prieuré,"Chamonix City Centre, Chamonix-Mont-Blanc",,18
1692665414-267,24/04/2023,07/05/2023,14/05/2023,653,647,Chambre Double,,Hotel Le Chamonix,"Chamonix City Centre, Chamonix-Mont-Blanc",,18
1692665414-268,24/04/2023,07/05/2023,14/05/2023,1171,1171,Chambre Double Supérieure,,Chalet hôtel le Whymper,"Chamonix City Centre, Chamonix-Mont-Blanc",,18
1692665414-269,24/04/2023,07/05/2023,14/05/2023,1181,1181,Chambre Double Premium,,La Folie Douce Hotels Chamonix,"Chamonix City Centre, Chamonix-Mont-Blanc",,18
1692665414-270,24/04/2023,07/05/2023,14/05/2023,1491,1491,Chambre Supérieure avec Canapé et Balcon - Vue sur Mont Blanc,,Alpina Eclectic Hotel,"Chamonix City Centre, Chamonix-Mont-Blanc",,18
1692665414-271,24/04/2023,07/05/2023,14/05/2023,786,786,Chambre Quadruple - Côté Forêt,,Les Campanules,Les Houches,,18
1692665414-272,24/04/2023,07/05/2023,14/05/2023,872,872,Chambre Double ou Lits Jumeaux Confort ,,Plan B Hotel - Living Chamonix,"Chamonix City Centre, Chamonix-Mont-Blanc",,18
1692665414-273,24/04/2023,07/05/2023,14/05/2023,1102,1102,Chambre Double Standard,,Heliopic Hotel & Spa,"Chamonix City Centre, Chamonix-Mont-Blanc",,18
1692665414-274,24/04/2023,07/05/2023,14/05/2023,720,650,Chambre Lits Jumeaux Côté Vallée,,Le Saint Antoine,Les Houches,,18
1692665414-275,24/04/2023,07/05/2023,14/05/2023,1114,1114,Chambre Double ou Lits Jumeaux Supérieure,,Hotel Le Morgane,"Chamonix City Centre, Chamonix-Mont-Blanc",,18
1692665414-276,24/04/2023,07/05/2023,14/05/2023,612,612,Chambre Double - Vue sur Montagne,,Vert Lodge Chamonix,Chamonix-Mont-Blanc,,18
1692665414-277,24/04/2023,07/05/2023,14/05/2023,858,858,Chambre Double ou Lits Jumeaux Standard,,Hôtel Le Refuge des Aiglons,"Chamonix City Centre, Chamonix-Mont-Blanc",,18
1692665414-278,24/04/2023,07/05/2023,14/05/2023,841,841,Chambre Double Standard,,Hôtel de L'Arve,"Chamonix City Centre, Chamonix-Mont-Blanc",,18
1692665414-279,24/04/2023,07/05/2023,14/05/2023,834,834,Chambre Double,,Cosmiques Hotel - Centre Chamonix,"Chamonix City Centre, Chamonix-Mont-Blanc",,18
1692665414-280,24/04/2023,07/05/2023,14/05/2023,972,909,Chambre Triple - Aravis,,Chalet Les Rhodos,Cordon,,18
1692665414-281,24/04/2023,07/05/2023,14/05/2023,953,714,Chambre Double Supérieure avec Balcon,,Excelsior Chamonix Hôtel & Spa,"Les Tines, Chamonix-Mont-Blanc",,18
1692665414-282,24/04/2023,07/05/2023,14/05/2023,573,573,Chambre Standard avec 1 Lit Double et 1 Lit Simple,,Ibis Hôtel Sallanches,Sallanches,,18
1692665414-283,24/04/2023,07/05/2023,14/05/2023,1157,1157,Chambre Double ou Lits Jumeaux Confort ,,Au Coin Du Feu,Megève,,18
1692665414-284,24/04/2023,07/05/2023,14/05/2023,682,682,Chambre Classique Wanderlust,,Wanderlust Motels Chamonix,"Les Bossons, Chamonix-Mont-Blanc",,18
1692665414-285,24/04/2023,07/05/2023,14/05/2023,918,918,Chambre Lits Jumeaux ou Double avec Balcon - Vue sur Montagne,,Pointe Isabelle,"Chamonix City Centre, Chamonix-Mont-Blanc",,18
1692665414-286,24/04/2023,07/05/2023,14/05/2023,1021,871,Chambre Lits Jumeaux - Vue sur Piscine - 9,,Le Coin Savoyard,Combloux,,18
1692665414-287,24/04/2023,07/05/2023,14/05/2023,469,469,Chambre Triple avec Lit Superposé,,Ibis Budget Sallanches,Sallanches,,18
1692665414-288,24/04/2023,07/05/2023,14/05/2023,959,818,Chambre Double Standard - Vue sur Le Brévent,,Langley Hotel Gustavia,"Chamonix City Centre, Chamonix-Mont-Blanc",,18
1692665414-289,24/04/2023,07/05/2023,14/05/2023,1542,1542,Chambre Supérieure Double ou Twin avec Terrasse et Vue sur le Mont d'Arbois et le Mont-Blanc,,Hôtel Arbois Bettex,Saint-Gervais-les-Bains,,18
1692665414-290,24/04/2023,07/05/2023,14/05/2023,643,643,Chambre Triple,,Hotel La Chaumiere,Saint-Gervais-les-Bains,,18
1692665414-291,24/04/2023,07/05/2023,14/05/2023,902,902,Chambre Double ou Lits Jumeaux avec Vue sur le Mont Blanc,,Chalet Hôtel Le Prieuré,"Chamonix City Centre, Chamonix-Mont-Blanc",,18
1692665414-292,24/04/2023,07/05/2023,14/05/2023,695,695,Chambre Double,,Hôtel Saint-Georges,Saint-Jean-de-Maurienne,,18
1692665414-293,24/04/2023,07/05/2023,14/05/2023,462,433,Chambre Double - Non-Fumeurs ,,Hôtel Le Marintan,Saint-Michel-de-Maurienne,,18
1692665414-294,24/04/2023,07/05/2023,14/05/2023,566,566,Chambre Lits Jumeaux - Vue sur Montagne,,B&B HOTEL Saint Jean De Maurienne,Sainte-Marie-de-Cuines,,18
1692665414-295,24/04/2023,07/05/2023,14/05/2023,602,602,Chambre Double avec Salle de Bains Privative,,Chalet 1200,Saint-François-Longchamp,,18
1692665414-296,24/04/2023,07/05/2023,14/05/2023,617,578,Chambre Triple,,Savoy Hotel & Restaurant,Saint-Michel-de-Maurienne,,18
1692665414-297,24/04/2023,07/05/2023,14/05/2023,616,616,Chambre Double,,ALPAZUR Val Cenis,Lanslebourg-Mont-Cenis,,18
1692665414-298,24/04/2023,07/05/2023,14/05/2023,743,696,Chambre Double ou Lits Jumeaux,,Hôtel Restaurant Arcalod,Doussard,,18
1692665414-299,24/04/2023,07/05/2023,14/05/2023,670,670,Chambre Lits Jumeaux Standard,,"Hôtel de Genève , Faverges-Seythenex 74210, Haute Savoie",Faverges,,18
1692665414-300,24/04/2023,07/05/2023,14/05/2023,677,677,Chambre Double,,Auberge Le Semnoz,Saint-Jorioz,,18
1692665414-301,24/04/2023,07/05/2023,14/05/2023,687,644,Chambre Double Standard,,Brit Hotel Florimont,Saint-Ferréol,,18
1692665414-302,24/04/2023,07/05/2023,14/05/2023,2997,2997,Chambre Double avec Terrasse,,"Villa Caroline, hôtel santé bien-être Lac d'Annecy, détox et jeûne",Duingt,,18
1692665414-303,24/04/2023,07/05/2023,14/05/2023,2067,2067,Suite Junior,,Hôtel Le Mouton Bleu,Talloires,,18
1692665414-304,24/04/2023,07/05/2023,14/05/2023,364,364,Chambre Double avec Lit d'Appoint,,ibis budget Aix Les Bains - Grésy,Grésy-sur-Aix,,18
1692665414-323,24/04/2023,07/05/2023,14/05/2023,743,696,Chambre Double ou Lits Jumeaux,,Hôtel Restaurant Arcalod,Doussard,,18
1692665414-324,24/04/2023,07/05/2023,14/05/2023,670,670,Chambre Lits Jumeaux Standard,,"Hôtel de Genève , Faverges-Seythenex 74210, Haute Savoie",Faverges,,18
1692665414-325,24/04/2023,07/05/2023,14/05/2023,677,677,Chambre Double,,Auberge Le Semnoz,Saint-Jorioz,,18
1692665414-326,24/04/2023,07/05/2023,14/05/2023,687,644,Chambre Double Standard,,Brit Hotel Florimont,Saint-Ferréol,,18
1692665414-327,24/04/2023,07/05/2023,14/05/2023,2997,2997,Chambre Double avec Terrasse,,"Villa Caroline, hôtel santé bien-être Lac d'Annecy, détox et jeûne",Duingt,,18
1692665414-328,24/04/2023,07/05/2023,14/05/2023,2067,2067,Suite Junior,,Hôtel Le Mouton Bleu,Talloires,,18
1692665414-329,24/04/2023,07/05/2023,14/05/2023,364,364,Chambre Double avec Lit d'Appoint,,ibis budget Aix Les Bains - Grésy,Grésy-sur-Aix,,18
1692665414-348,24/04/2023,07/05/2023,14/05/2023,570,534,Chambre Double ou Lits Jumeaux Classique,,Le Roma,Albertville,,18
1692665414-349,24/04/2023,07/05/2023,14/05/2023,352,352,Chambre Double,,Fasthotel Albertville,Albertville,,18
1692665414-350,24/04/2023,07/05/2023,14/05/2023,631,508,Chambre Double,,Motel 991,Viviers-du-Lac,,18
1692665414-351,24/04/2023,07/05/2023,14/05/2023,835,835,Chambre Double Standard,,ibis Styles Aix les Bains Domaine de Marlioz,Aix-les-Bains,,18
1692665414-352,24/04/2023,07/05/2023,14/05/2023,570,570,Chambre Lits Jumeaux New Generation ,,Campanile Aix-Les-Bains,Aix-les-Bains,,18
1692665414-353,24/04/2023,07/05/2023,14/05/2023,629,629,Chambre Triple,,Annapolis,Aix-les-Bains,,18
1692665414-354,24/04/2023,07/05/2023,14/05/2023,1217,1217,Chambre Double Classique avec Terrasse,,Mercure Aix-les-Bains Domaine de Marlioz Hôtel & Spa,Aix-les-Bains,,18
1692665414-355,24/04/2023,07/05/2023,14/05/2023,2738,2563,Chambre Double - Vue sur Montagne,,Hôtel L'Incomparable by Les Etincelles,Tresserve,,18
1692665414-356,24/04/2023,07/05/2023,14/05/2023,572,572,Chambre Lits Jumeaux,,Hotel Alain et Martine,Viviers-du-Lac,,18
1692665414-357,24/04/2023,07/05/2023,14/05/2023,486,438,Chambre Double Classique avec Balcon,,Hotel De La Gare,Aix-les-Bains,,18
1692665414-358,24/04/2023,07/05/2023,14/05/2023,391,366,Chambre Lits Jumeaux,,Hôtel Inn Chambéry,La Ravoire,,18
1692665414-359,24/04/2023,07/05/2023,14/05/2023,438,438,Chambre Lits Jumeaux Standard,,Hôtel Le Savoie,Albertville,,18
1692665414-360,24/04/2023,07/05/2023,14/05/2023,767,767,Chambre Lits Jumeaux Standard,,ibis Styles Albertville,Albertville,,18
1692665414-361,24/04/2023,07/05/2023,14/05/2023,2399,2399,Chambre avec Balcon - Vue sur Lac,,Black Bass Hotel,Sévrier,,18
1692665414-362,24/04/2023,07/05/2023,14/05/2023,877,877,Chambre Double ou Lits Jumeaux Classique,,Hôtel L'Iroko The Originals City,Aix-les-Bains,,18
1692665414-363,24/04/2023,07/05/2023,14/05/2023,1191,1115,Chambre Double Charmante,,Château des Comtes de Challes,Challes-les-Eaux,,18
1692665414-364,24/04/2023,07/05/2023,14/05/2023,716,716,Chambre Double avec Vue Partielle sur le Lac,,Hotel Beau Rivage,Aix-les-Bains,,18
1692665414-365,24/04/2023,07/05/2023,14/05/2023,573,537,Chambre Lits Jumeaux,,Auberge de Costaroche,Albertville,,18
1692665414-366,24/04/2023,07/05/2023,14/05/2023,505,505,Chambre Double Standard,,Hôtel du Poète,Aix-les-Bains,,18
1692665414-367,24/04/2023,07/05/2023,14/05/2023,681,637,Chambre Double,,Albert 1er,Albertville,,18
1692665414-368,24/04/2023,07/05/2023,14/05/2023,525,525,Chambre Double ou Lits Jumeaux,,Noemys Viviers-du-lac,Viviers-du-Lac,,18
1692665414-369,24/04/2023,07/05/2023,14/05/2023,594,556,Chambre Lits Jumeaux Standard,,ULVF La Citadelle de Conflans,Albertville,,18
1692665414-370,24/04/2023,07/05/2023,14/05/2023,809,757,Chambre Deluxe,,Les Ailes,Challes-les-Eaux,,18
1692665414-371,24/04/2023,07/05/2023,14/05/2023,649,649,Cabine 2 Personnes,,LES CABANES De La Maison Rouge,Barberaz,,18
1692665414-372,24/04/2023,07/05/2023,14/05/2023,917,917,Suite en Duplex (4 Personnes),,La maison rouge 3*,Barberaz,,18
1692665414-373,24/04/2023,07/05/2023,14/05/2023,777,726,Chambre Double ou Lits Jumeaux - Versant Sud ,,Base Camp Lodge Hotels,Bourg-Saint-Maurice,,18
1692665414-374,24/04/2023,07/05/2023,14/05/2023,749,749,Chambre Double Classique ,,Mercure Brides Les Bains Grand Hôtel des Thermes,Brides-les-Bains,,18
1692665414-375,24/04/2023,07/05/2023,14/05/2023,687,687,Chambre Double Classique,,Savoy Hôtel,Brides-les-Bains,,18
1692665414-376,24/04/2023,07/05/2023,14/05/2023,4375,3414,Appartement Supérieur,,Lodji Hotel & Résidence,Saint-Martin-de-Belleville,,18
1692665414-377,24/04/2023,07/05/2023,14/05/2023,941,941,Chambre Double Classique,,Golf Hôtel,Brides-les-Bains,,18
1692665414-378,24/04/2023,07/05/2023,14/05/2023,548,548,Chambre Double ou Lits Jumeaux Standard,,Hotel Inn Design Moutiers,Moutiers,,18
1692665414-379,24/04/2023,07/05/2023,14/05/2023,545,545,Chambre Lits Jumeaux,,Hôtel le Welcome,Moutiers,,18
1692665414-380,24/04/2023,07/05/2023,14/05/2023,898,898,Chambre Double ou Lits Jumeaux Standard,,Hotel des Alpes,Brides-les-Bains,,18
1692665414-381,24/04/2023,07/05/2023,14/05/2023,1108,1108,Chambre Double Supérieure avec Balcon et Vue sur la Montagne,,Hotel Autantic,Bourg-Saint-Maurice,,18
1692665414-382,24/04/2023,07/05/2023,14/05/2023,763,763,Chambre Double ou Lits Jumeaux,,Hotel L'alpin,Landry,,18
1692665414-383,24/04/2023,07/05/2023,14/05/2023,1002,1002,Chambre Double Classique,,Hotel Amélie,Brides-les-Bains,,18
1692665414-384,24/04/2023,07/05/2023,14/05/2023,785,785,Chambre Double Village,,La Vanoise 1825,Brides-les-Bains,,18
1692665414-385,24/04/2023,07/05/2023,14/05/2023,1058,1058,Chambre Classique,,Hotel Athena,Brides-les-Bains,,18
1692665414-386,24/04/2023,07/05/2023,14/05/2023,883,883,Chambre Double Standard,,Altis Val Vert,Brides-les-Bains,,18
1692665414-387,24/04/2023,07/05/2023,14/05/2023,444,444,Chambre Double avec Salle de Bains Commune,,Le Perce Neige d'Alicia,Sainte-Foy-Tarentaise,,18
1692665414-388,24/04/2023,07/05/2023,14/05/2023,995,930,Chambre Double avec Balcon,,Hôtel Les Grangettes,Méribel,,18
1692665414-389,24/04/2023,07/05/2023,14/05/2023,682,682,Chambre Double Supérieure,,Hotel Radiana,La Léchère,,18
1692665414-390,24/04/2023,07/05/2023,14/05/2023,608,608,Chambre Double,,La Darentasia,La Léchère,,18
1692665414-391,24/04/2023,07/05/2023,14/05/2023,616,616,Chambre Double,,ALPAZUR Val Cenis,Lanslebourg-Mont-Cenis,,18
1692665414-392,24/04/2023,07/05/2023,14/05/2023,482,451,Chambre Double avec Douche,,Hôtel Mont-Brison,Briançon,,18
1692665414-393,24/04/2023,07/05/2023,14/05/2023,933,788,Chambre Familiale,,Suite Home Briancon Serre Chevalier,Briançon,,18
1692665414-394,24/04/2023,07/05/2023,14/05/2023,620,620,Chambre Double Confort,,Hôtel Logis La Crémaillère,Saint-Bonnet-en-Champsaur,,18
1692665414-395,24/04/2023,07/05/2023,14/05/2023,907,907,Chambre Double - Vue sur Montagne,,Hôtel Vauban Briançon Serre Chevalier,Briançon,,18
1692665414-396,24/04/2023,07/05/2023,14/05/2023,583,440,Chambre Double Standard,,Logis Havvah Hôtel Gap,Gap,,18
1692665414-397,24/04/2023,07/05/2023,14/05/2023,514,482,Chambre Double ou Lits Jumeaux Mansardée,,Cit'Hotel Avantici Gap,Gap,,18
1692665414-398,24/04/2023,07/05/2023,14/05/2023,420,420,Chambre Lits Jumeaux Standard,,Adonis Gapotel,Gap,,18
1692665414-399,24/04/2023,07/05/2023,14/05/2023,770,721,Chambre Double Supérieure,,Auberge de la Paix,Briançon,,18
1692665414-400,24/04/2023,07/05/2023,14/05/2023,453,453,Chambre Double,,B&B HOTEL Gap,Gap,,18
1692665414-401,24/04/2023,07/05/2023,14/05/2023,573,573,Chambre Double ou Lits Jumeaux Standard,,Club Vacances Bleues Les Horizons du Lac (anciennement Serre-du-Villard),Chorges,,18
1692665414-402,24/04/2023,07/05/2023,14/05/2023,900,900,Chambre Lits Jumeaux,,Hôtel Les Flots Bleus,Savines,,18
1692665414-403,24/04/2023,07/05/2023,14/05/2023,640,640,Chambre Double,,La Maison de Catherine,Puy-Saint-Pierre,,18
1692665414-404,24/04/2023,07/05/2023,14/05/2023,630,590,Chambre Lits Jumeaux,,Fifi Moulin,Serres,,18
1692665414-405,24/04/2023,07/05/2023,14/05/2023,611,611,Chambre Triple,,Le Catinat Fleuri,Guillestre,,18
1692665414-406,24/04/2023,07/05/2023,14/05/2023,927,927,Chambre Double ou Lits Jumeaux Supérieure,,Hôtel Restaurant & Spa Les Autanes,Ancelle,,18
1692665414-407,24/04/2023,07/05/2023,14/05/2023,518,518,Chambre Double,,Hôtel & Restaurant Azur,La Freissinouse,,18
1692665414-408,24/04/2023,07/05/2023,14/05/2023,728,728,Chambre Standard avec 1 Lit Double et 1 Lit Simple,,ibis Gap Centre,Gap,,18
1692665414-409,24/04/2023,07/05/2023,14/05/2023,616,616,Chambre Standard Lit Queen-Size,,Hôtel les Chaumettes,Savines,,18
1692665414-410,24/04/2023,07/05/2023,14/05/2023,830,830,Chambre Lits Jumeaux,,Logis Hotel-Restaurant Spa Le Lac,Embrun,,18
1692665414-411,24/04/2023,07/05/2023,14/05/2023,749,749,Chambre Double Standard,,Le Mas d'Estello,Tallard,,18
1692665414-417,24/04/2023,07/05/2023,14/05/2023,482,451,Chambre Double avec Douche,,Hôtel Mont-Brison,Briançon,,18
1692665414-418,24/04/2023,07/05/2023,14/05/2023,933,788,Chambre Familiale,,Suite Home Briancon Serre Chevalier,Briançon,,18
1692665414-419,24/04/2023,07/05/2023,14/05/2023,620,620,Chambre Double Confort,,Hôtel Logis La Crémaillère,Saint-Bonnet-en-Champsaur,,18
1692665414-420,24/04/2023,07/05/2023,14/05/2023,907,907,Chambre Double - Vue sur Montagne,,Hôtel Vauban Briançon Serre Chevalier,Briançon,,18
1692665414-421,24/04/2023,07/05/2023,14/05/2023,583,440,Chambre Double Standard,,Logis Havvah Hôtel Gap,Gap,,18
1692665414-422,24/04/2023,07/05/2023,14/05/2023,514,482,Chambre Double ou Lits Jumeaux Mansardée,,Cit'Hotel Avantici Gap,Gap,,18
1692665414-423,24/04/2023,07/05/2023,14/05/2023,420,420,Chambre Lits Jumeaux Standard,,Adonis Gapotel,Gap,,18
1692665414-424,24/04/2023,07/05/2023,14/05/2023,770,721,Chambre Double Supérieure,,Auberge de la Paix,Briançon,,18
1692665414-425,24/04/2023,07/05/2023,14/05/2023,453,453,Chambre Double,,B&B HOTEL Gap,Gap,,18
1692665414-426,24/04/2023,07/05/2023,14/05/2023,573,573,Chambre Double ou Lits Jumeaux Standard,,Club Vacances Bleues Les Horizons du Lac (anciennement Serre-du-Villard),Chorges,,18
1692665414-427,24/04/2023,07/05/2023,14/05/2023,900,900,Chambre Lits Jumeaux,,Hôtel Les Flots Bleus,Savines,,18
1692665414-428,24/04/2023,07/05/2023,14/05/2023,640,640,Chambre Double,,La Maison de Catherine,Puy-Saint-Pierre,,18
1692665414-429,24/04/2023,07/05/2023,14/05/2023,630,590,Chambre Lits Jumeaux,,Fifi Moulin,Serres,,18
1692665414-430,24/04/2023,07/05/2023,14/05/2023,611,611,Chambre Triple,,Le Catinat Fleuri,Guillestre,,18
1692665414-431,24/04/2023,07/05/2023,14/05/2023,927,927,Chambre Double ou Lits Jumeaux Supérieure,,Hôtel Restaurant & Spa Les Autanes,Ancelle,,18
1692665414-432,24/04/2023,07/05/2023,14/05/2023,518,518,Chambre Double,,Hôtel & Restaurant Azur,La Freissinouse,,18
1692665414-433,24/04/2023,07/05/2023,14/05/2023,728,728,Chambre Standard avec 1 Lit Double et 1 Lit Simple,,ibis Gap Centre,Gap,,18
1692665414-434,24/04/2023,07/05/2023,14/05/2023,616,616,Chambre Standard Lit Queen-Size,,Hôtel les Chaumettes,Savines,,18
1692665414-435,24/04/2023,07/05/2023,14/05/2023,830,830,Chambre Lits Jumeaux,,Logis Hotel-Restaurant Spa Le Lac,Embrun,,18
1692665414-436,24/04/2023,07/05/2023,14/05/2023,749,749,Chambre Double Standard,,Le Mas d'Estello,Tallard,,18
1692665414-442,24/04/2023,07/05/2023,14/05/2023,848,848,Chambre Lit Queen-Size ,,The Social Hub Toulouse,"Centre de Toulouse, Toulouse",,18
1692665414-443,24/04/2023,07/05/2023,14/05/2023,552,552,Chambre Double - Accessible aux Personnes à Mobilité Réduite ,,Ace Hôtel Toulouse Blagnac,Cornebarrieu,,18
1692665414-444,24/04/2023,07/05/2023,14/05/2023,1487,1487,Chambre Double ou Lits Jumeaux Supérieure,,NH Toulouse Airport,Blagnac,,18
1692665414-445,24/04/2023,07/05/2023,14/05/2023,348,326,Chambre Triple avec 1 Lit Double et 1 Lit Simple,,Premiere Classe Toulouse Sud - Portet,Portet-sur-Garonne,,18
1692665414-446,24/04/2023,07/05/2023,14/05/2023,470,470,Chambre Double Classique,,Relais Fasthotel Port Lauragais,Avignonet-de-Lauragais,,18
1692665414-447,24/04/2023,07/05/2023,14/05/2023,608,608,Chambre Double Nouvelle Génération,,Campanile Toulouse Purpan,"Toulouse Ouest, Toulouse",,18
1692665414-467,24/04/2023,07/05/2023,14/05/2023,848,848,Chambre Lit Queen-Size ,,The Social Hub Toulouse,"Centre de Toulouse, Toulouse",,18
1692665414-468,24/04/2023,07/05/2023,14/05/2023,552,552,Chambre Double - Accessible aux Personnes à Mobilité Réduite ,,Ace Hôtel Toulouse Blagnac,Cornebarrieu,,18
1692665414-469,24/04/2023,07/05/2023,14/05/2023,1487,1487,Chambre Double ou Lits Jumeaux Supérieure,,NH Toulouse Airport,Blagnac,,18
1692665414-470,24/04/2023,07/05/2023,14/05/2023,348,326,Chambre Triple avec 1 Lit Double et 1 Lit Simple,,Premiere Classe Toulouse Sud - Portet,Portet-sur-Garonne,,18
1692665414-471,24/04/2023,07/05/2023,14/05/2023,470,470,Chambre Double Classique,,Relais Fasthotel Port Lauragais,Avignonet-de-Lauragais,,18
1692665414-472,24/04/2023,07/05/2023,14/05/2023,608,608,Chambre Double Nouvelle Génération,,Campanile Toulouse Purpan,"Toulouse Ouest, Toulouse",,18
1692665414-492,24/04/2023,07/05/2023,14/05/2023,848,848,Chambre Lit Queen-Size ,,The Social Hub Toulouse,"Centre de Toulouse, Toulouse",,18
1692665414-493,24/04/2023,07/05/2023,14/05/2023,552,552,Chambre Double - Accessible aux Personnes à Mobilité Réduite ,,Ace Hôtel Toulouse Blagnac,Cornebarrieu,,18
1692665414-494,24/04/2023,07/05/2023,14/05/2023,1487,1487,Chambre Double ou Lits Jumeaux Supérieure,,NH Toulouse Airport,Blagnac,,18
1692665414-495,24/04/2023,07/05/2023,14/05/2023,348,326,Chambre Triple avec 1 Lit Double et 1 Lit Simple,,Premiere Classe Toulouse Sud - Portet,Portet-sur-Garonne,,18
1692665414-496,24/04/2023,07/05/2023,14/05/2023,470,470,Chambre Double Classique,,Relais Fasthotel Port Lauragais,Avignonet-de-Lauragais,,18
1692665414-497,24/04/2023,07/05/2023,14/05/2023,608,608,Chambre Double Nouvelle Génération,,Campanile Toulouse Purpan,"Toulouse Ouest, Toulouse",,18
1692665414-517,24/04/2023,07/05/2023,14/05/2023,1410,1410,Chambre Double Supérieure,,Logis Hôtel restaurant Les Minotiers,Mirepoix,,18
1692665414-518,24/04/2023,07/05/2023,14/05/2023,650,609,Chambre Double Standard,,Kyriad Prestige Perpignan Centre del Mon,Perpignan,,18
1692665414-519,24/04/2023,07/05/2023,14/05/2023,969,969,Chambre Double Deluxe - Vue sur Mer,,Intense Boutik-Hôtel,Port-Vendres,,18
1692665414-520,24/04/2023,07/05/2023,14/05/2023,503,503,Chambre Double avec 1 Lit Double et 1 Lit d'Appoint,,Hotel Centre Plage,"Argeles Plage, Argelès-sur-Mer",,18
1692665414-521,24/04/2023,07/05/2023,14/05/2023,903,903,Chambre avec Terrasse - Annexe,,Grand Hôtel Du Lido,"Argeles Plage, Argelès-sur-Mer",,18
1692665414-522,24/04/2023,07/05/2023,14/05/2023,2198,1747,Chambre Double Confort,,Domaine Riberach,Bélesta,,18
1692665414-523,24/04/2023,07/05/2023,14/05/2023,375,375,Chambre Quadruple avec Salle de Bains Commune,,Hotel Le Centre,Le Boulou,,18
1692665414-524,24/04/2023,07/05/2023,14/05/2023,497,497,Chambre Double,,Hotel Celisol Cerdagne,Bourg-Madame,,18
1692665414-525,24/04/2023,07/05/2023,14/05/2023,491,491,Chambre Double avec Balcon,,L'Oree du Bois,Font-Romeu,,18
1692665414-526,24/04/2023,07/05/2023,14/05/2023,456,456,Chambre Double,,Hotel les Glycines,Prades,,18
1692665414-527,24/04/2023,07/05/2023,14/05/2023,485,485,Chambre Double,,Hotel de la Plage - Barcares,Le Barcarès,,18
1692665414-528,24/04/2023,07/05/2023,14/05/2023,2648,2648,Chambre Double Confort avec Accès au Centre de Bien-Être,,Relais et Châteaux Thalasso & Spa Ile de la Lagune,Saint-Cyprien,,18
1692665414-529,24/04/2023,07/05/2023,14/05/2023,2004,2004,Chambre Exécutive,,Villa Duflot Hôtel & Spa Perpignan,Perpignan,,18
1692665414-530,24/04/2023,07/05/2023,14/05/2023,1301,1218,Chambre Triple,,Le Catalan,Banyuls-sur-Mer,,18
1692665414-531,24/04/2023,07/05/2023,14/05/2023,559,524,Chambre Double Standard,,Hôtel De La Loge,Perpignan,,18
1692665414-532,24/04/2023,07/05/2023,14/05/2023,739,692,Chambre Double,,Logis Hôtel La Fauceille,Perpignan,,18
1692665414-533,24/04/2023,07/05/2023,14/05/2023,410,410,Chambre Double,,HOTEL LE PESCADOU,"Argeles Plage, Argelès-sur-Mer",,18
1692665414-534,24/04/2023,07/05/2023,14/05/2023,827,827,Chambre Double Économique - Rez-de-Chaussée,,Grand Hotel Du Golfe,Argelès-sur-Mer,,18
1692665414-535,24/04/2023,07/05/2023,14/05/2023,647,606,Appartement 1 Chambre,,Central Hôtel,Cerbère,,18
1692665414-536,24/04/2023,07/05/2023,14/05/2023,596,596,Chambre Standard avec Balcon,,Hotel Princess,Vernet-les-Bains,,18
1692665414-537,24/04/2023,07/05/2023,14/05/2023,301,301,Chambre Double,,Première Classe Perpignan Nord,Rivesaltes,,18
1692665414-538,24/04/2023,07/05/2023,14/05/2023,594,594,Chambre Double,,Ezz'Hotel Canet,Canet-en-Roussillon,,18
1692665414-539,24/04/2023,07/05/2023,14/05/2023,635,595,Chambre Double Standard,,Nyx Boutique Hotel,Perpignan,,18
1692665414-540,24/04/2023,07/05/2023,14/05/2023,948,948,Chambre Double Privilège avec Terrasse,,Hôtel Le Cottage,Argelès-sur-Mer,,18
1692665414-541,24/04/2023,07/05/2023,14/05/2023,459,459,Chambre Double,,Hôtel Acajou,Argelès-sur-Mer,,18
1692665414-542,24/04/2023,07/05/2023,14/05/2023,469,439,Chambre Lits Jumeaux Supérieure,,Le Neoulous,Le Boulou,,18
1692665414-543,24/04/2023,07/05/2023,14/05/2023,650,609,Chambre Double Standard,,Kyriad Prestige Perpignan Centre del Mon,Perpignan,,18
1692665414-544,24/04/2023,07/05/2023,14/05/2023,969,969,Chambre Double Deluxe - Vue sur Mer,,Intense Boutik-Hôtel,Port-Vendres,,18
1692665414-545,24/04/2023,07/05/2023,14/05/2023,503,503,Chambre Double avec 1 Lit Double et 1 Lit d'Appoint,,Hotel Centre Plage,"Argeles Plage, Argelès-sur-Mer",,18
1692665414-546,24/04/2023,07/05/2023,14/05/2023,903,903,Chambre avec Terrasse - Annexe,,Grand Hôtel Du Lido,"Argeles Plage, Argelès-sur-Mer",,18
1692665414-547,24/04/2023,07/05/2023,14/05/2023,2198,1747,Chambre Double Confort,,Domaine Riberach,Bélesta,,18
1692665414-548,24/04/2023,07/05/2023,14/05/2023,375,375,Chambre Quadruple avec Salle de Bains Commune,,Hotel Le Centre,Le Boulou,,18
1692665414-549,24/04/2023,07/05/2023,14/05/2023,497,497,Chambre Double,,Hotel Celisol Cerdagne,Bourg-Madame,,18
1692665414-550,24/04/2023,07/05/2023,14/05/2023,491,491,Chambre Double avec Balcon,,L'Oree du Bois,Font-Romeu,,18
1692665414-551,24/04/2023,07/05/2023,14/05/2023,456,456,Chambre Double,,Hotel les Glycines,Prades,,18
1692665414-552,24/04/2023,07/05/2023,14/05/2023,485,485,Chambre Double,,Hotel de la Plage - Barcares,Le Barcarès,,18
1692665414-553,24/04/2023,07/05/2023,14/05/2023,2648,2648,Chambre Double Confort avec Accès au Centre de Bien-Être,,Relais et Châteaux Thalasso & Spa Ile de la Lagune,Saint-Cyprien,,18
1692665414-554,24/04/2023,07/05/2023,14/05/2023,2004,2004,Chambre Exécutive,,Villa Duflot Hôtel & Spa Perpignan,Perpignan,,18
1692665414-555,24/04/2023,07/05/2023,14/05/2023,1301,1218,Chambre Triple,,Le Catalan,Banyuls-sur-Mer,,18
1692665414-556,24/04/2023,07/05/2023,14/05/2023,559,524,Chambre Double Standard,,Hôtel De La Loge,Perpignan,,18
1692665414-557,24/04/2023,07/05/2023,14/05/2023,739,692,Chambre Double,,Logis Hôtel La Fauceille,Perpignan,,18
1692665414-558,24/04/2023,07/05/2023,14/05/2023,410,410,Chambre Double,,HOTEL LE PESCADOU,"Argeles Plage, Argelès-sur-Mer",,18
1692665414-559,24/04/2023,07/05/2023,14/05/2023,827,827,Chambre Double Économique - Rez-de-Chaussée,,Grand Hotel Du Golfe,Argelès-sur-Mer,,18
1692665414-560,24/04/2023,07/05/2023,14/05/2023,647,606,Appartement 1 Chambre,,Central Hôtel,Cerbère,,18
1692665414-561,24/04/2023,07/05/2023,14/05/2023,596,596,Chambre Standard avec Balcon,,Hotel Princess,Vernet-les-Bains,,18
1692665414-562,24/04/2023,07/05/2023,14/05/2023,301,301,Chambre Double,,Première Classe Perpignan Nord,Rivesaltes,,18
1692665414-563,24/04/2023,07/05/2023,14/05/2023,594,594,Chambre Double,,Ezz'Hotel Canet,Canet-en-Roussillon,,18
1692665414-564,24/04/2023,07/05/2023,14/05/2023,635,595,Chambre Double Standard,,Nyx Boutique Hotel,Perpignan,,18
1692665414-565,24/04/2023,07/05/2023,14/05/2023,948,948,Chambre Double Privilège avec Terrasse,,Hôtel Le Cottage,Argelès-sur-Mer,,18
1692665414-566,24/04/2023,07/05/2023,14/05/2023,459,459,Chambre Double,,Hôtel Acajou,Argelès-sur-Mer,,18
1692665414-567,24/04/2023,07/05/2023,14/05/2023,469,439,Chambre Lits Jumeaux Supérieure,,Le Neoulous,Le Boulou,,18
1692665414-568,24/04/2023,07/05/2023,14/05/2023,650,609,Chambre Double Standard,,Kyriad Prestige Perpignan Centre del Mon,Perpignan,,18
1692665414-569,24/04/2023,07/05/2023,14/05/2023,969,969,Chambre Double Deluxe - Vue sur Mer,,Intense Boutik-Hôtel,Port-Vendres,,18
1692665414-570,24/04/2023,07/05/2023,14/05/2023,503,503,Chambre Double avec 1 Lit Double et 1 Lit d'Appoint,,Hotel Centre Plage,"Argeles Plage, Argelès-sur-Mer",,18
1692665414-571,24/04/2023,07/05/2023,14/05/2023,903,903,Chambre avec Terrasse - Annexe,,Grand Hôtel Du Lido,"Argeles Plage, Argelès-sur-Mer",,18
1692665414-572,24/04/2023,07/05/2023,14/05/2023,2198,1747,Chambre Double Confort,,Domaine Riberach,Bélesta,,18
1692665414-573,24/04/2023,07/05/2023,14/05/2023,375,375,Chambre Quadruple avec Salle de Bains Commune,,Hotel Le Centre,Le Boulou,,18
1692665414-574,24/04/2023,07/05/2023,14/05/2023,497,497,Chambre Double,,Hotel Celisol Cerdagne,Bourg-Madame,,18
1692665414-575,24/04/2023,07/05/2023,14/05/2023,491,491,Chambre Double avec Balcon,,L'Oree du Bois,Font-Romeu,,18
1692665414-576,24/04/2023,07/05/2023,14/05/2023,456,456,Chambre Double,,Hotel les Glycines,Prades,,18
1692665414-577,24/04/2023,07/05/2023,14/05/2023,485,485,Chambre Double,,Hotel de la Plage - Barcares,Le Barcarès,,18
1692665414-578,24/04/2023,07/05/2023,14/05/2023,2648,2648,Chambre Double Confort avec Accès au Centre de Bien-Être,,Relais et Châteaux Thalasso & Spa Ile de la Lagune,Saint-Cyprien,,18
1692665414-579,24/04/2023,07/05/2023,14/05/2023,2004,2004,Chambre Exécutive,,Villa Duflot Hôtel & Spa Perpignan,Perpignan,,18
1692665414-580,24/04/2023,07/05/2023,14/05/2023,1301,1218,Chambre Triple,,Le Catalan,Banyuls-sur-Mer,,18
1692665414-581,24/04/2023,07/05/2023,14/05/2023,559,524,Chambre Double Standard,,Hôtel De La Loge,Perpignan,,18
1692665414-582,24/04/2023,07/05/2023,14/05/2023,739,692,Chambre Double,,Logis Hôtel La Fauceille,Perpignan,,18
1692665414-583,24/04/2023,07/05/2023,14/05/2023,410,410,Chambre Double,,HOTEL LE PESCADOU,"Argeles Plage, Argelès-sur-Mer",,18
1692665414-584,24/04/2023,07/05/2023,14/05/2023,827,827,Chambre Double Économique - Rez-de-Chaussée,,Grand Hotel Du Golfe,Argelès-sur-Mer,,18
1692665414-585,24/04/2023,07/05/2023,14/05/2023,647,606,Appartement 1 Chambre,,Central Hôtel,Cerbère,,18
1692665414-586,24/04/2023,07/05/2023,14/05/2023,596,596,Chambre Standard avec Balcon,,Hotel Princess,Vernet-les-Bains,,18
1692665414-587,24/04/2023,07/05/2023,14/05/2023,301,301,Chambre Double,,Première Classe Perpignan Nord,Rivesaltes,,18
1692665414-588,24/04/2023,07/05/2023,14/05/2023,594,594,Chambre Double,,Ezz'Hotel Canet,Canet-en-Roussillon,,18
1692665414-589,24/04/2023,07/05/2023,14/05/2023,635,595,Chambre Double Standard,,Nyx Boutique Hotel,Perpignan,,18
1692665414-590,24/04/2023,07/05/2023,14/05/2023,948,948,Chambre Double Privilège avec Terrasse,,Hôtel Le Cottage,Argelès-sur-Mer,,18
1692665414-591,24/04/2023,07/05/2023,14/05/2023,459,459,Chambre Double,,Hôtel Acajou,Argelès-sur-Mer,,18
1692665414-592,24/04/2023,07/05/2023,14/05/2023,469,439,Chambre Lits Jumeaux Supérieure,,Le Neoulous,Le Boulou,,18
1692665414-593,24/04/2023,07/05/2023,14/05/2023,650,609,Chambre Double Standard,,Kyriad Prestige Perpignan Centre del Mon,Perpignan,,18
1692665414-594,24/04/2023,07/05/2023,14/05/2023,969,969,Chambre Double Deluxe - Vue sur Mer,,Intense Boutik-Hôtel,Port-Vendres,,18
1692665414-595,24/04/2023,07/05/2023,14/05/2023,503,503,Chambre Double avec 1 Lit Double et 1 Lit d'Appoint,,Hotel Centre Plage,"Argeles Plage, Argelès-sur-Mer",,18
1692665414-596,24/04/2023,07/05/2023,14/05/2023,903,903,Chambre avec Terrasse - Annexe,,Grand Hôtel Du Lido,"Argeles Plage, Argelès-sur-Mer",,18
1692665414-597,24/04/2023,07/05/2023,14/05/2023,2198,1747,Chambre Double Confort,,Domaine Riberach,Bélesta,,18
1692665414-598,24/04/2023,07/05/2023,14/05/2023,375,375,Chambre Quadruple avec Salle de Bains Commune,,Hotel Le Centre,Le Boulou,,18
1692665414-599,24/04/2023,07/05/2023,14/05/2023,497,497,Chambre Double,,Hotel Celisol Cerdagne,Bourg-Madame,,18
1692665414-600,24/04/2023,07/05/2023,14/05/2023,491,491,Chambre Double avec Balcon,,L'Oree du Bois,Font-Romeu,,18
1692665414-601,24/04/2023,07/05/2023,14/05/2023,456,456,Chambre Double,,Hotel les Glycines,Prades,,18
1692665414-602,24/04/2023,07/05/2023,14/05/2023,485,485,Chambre Double,,Hotel de la Plage - Barcares,Le Barcarès,,18
1692665414-603,24/04/2023,07/05/2023,14/05/2023,2648,2648,Chambre Double Confort avec Accès au Centre de Bien-Être,,Relais et Châteaux Thalasso & Spa Ile de la Lagune,Saint-Cyprien,,18
1692665414-604,24/04/2023,07/05/2023,14/05/2023,2004,2004,Chambre Exécutive,,Villa Duflot Hôtel & Spa Perpignan,Perpignan,,18
1692665414-605,24/04/2023,07/05/2023,14/05/2023,1301,1218,Chambre Triple,,Le Catalan,Banyuls-sur-Mer,,18
1692665414-606,24/04/2023,07/05/2023,14/05/2023,559,524,Chambre Double Standard,,Hôtel De La Loge,Perpignan,,18
1692665414-607,24/04/2023,07/05/2023,14/05/2023,739,692,Chambre Double,,Logis Hôtel La Fauceille,Perpignan,,18
1692665414-608,24/04/2023,07/05/2023,14/05/2023,410,410,Chambre Double,,HOTEL LE PESCADOU,"Argeles Plage, Argelès-sur-Mer",,18
1692665414-609,24/04/2023,07/05/2023,14/05/2023,827,827,Chambre Double Économique - Rez-de-Chaussée,,Grand Hotel Du Golfe,Argelès-sur-Mer,,18
1692665414-610,24/04/2023,07/05/2023,14/05/2023,647,606,Appartement 1 Chambre,,Central Hôtel,Cerbère,,18
1692665414-611,24/04/2023,07/05/2023,14/05/2023,596,596,Chambre Standard avec Balcon,,Hotel Princess,Vernet-les-Bains,,18
1692665414-612,24/04/2023,07/05/2023,14/05/2023,301,301,Chambre Double,,Première Classe Perpignan Nord,Rivesaltes,,18
1692665414-613,24/04/2023,07/05/2023,14/05/2023,594,594,Chambre Double,,Ezz'Hotel Canet,Canet-en-Roussillon,,18
1692665414-614,24/04/2023,07/05/2023,14/05/2023,635,595,Chambre Double Standard,,Nyx Boutique Hotel,Perpignan,,18
1692665414-615,24/04/2023,07/05/2023,14/05/2023,948,948,Chambre Double Privilège avec Terrasse,,Hôtel Le Cottage,Argelès-sur-Mer,,18
1692665414-616,24/04/2023,07/05/2023,14/05/2023,459,459,Chambre Double,,Hôtel Acajou,Argelès-sur-Mer,,18
1692665414-617,24/04/2023,07/05/2023,14/05/2023,469,439,Chambre Lits Jumeaux Supérieure,,Le Neoulous,Le Boulou,,18
1692665414-618,24/04/2023,07/05/2023,14/05/2023,554,519,Chambre Double,,Nex Hôtel,Tarbes,,18
1692665414-619,24/04/2023,07/05/2023,14/05/2023,828,776,Chambre Double Exécutive,,Le Rex Hôtel,Tarbes,,18
1692665414-620,24/04/2023,07/05/2023,14/05/2023,680,680,Chambre Double Standard,,Grand Hôtel de France,Pierrefitte-Nestalas,,18
1692665414-621,24/04/2023,07/05/2023,14/05/2023,427,399,Chambre Lits Jumeaux,,L'Auberge Everhotel de Tarbes-Ibos,Tarbes,,18
1692665414-622,24/04/2023,07/05/2023,14/05/2023,361,361,Chambre Double avec Douche,,Hôtel Kennedy Parc des Expositions,Tarbes,,18
1692665414-623,24/04/2023,07/05/2023,14/05/2023,529,529,Chambre Double ou Lits Jumeaux,,Au Primerose Hôtel,Argelès-Gazost,,18
1692665414-624,24/04/2023,07/05/2023,14/05/2023,659,659,Chambre Double Supérieure,,Hôtel du Soleil Levant,Argelès-Gazost,,18
1692665414-625,24/04/2023,07/05/2023,14/05/2023,2204,2063,Chambre Double avec Balcon,,Belfry & Spa by Ligne St Barth,Lourdes,,18
1692665414-626,24/04/2023,07/05/2023,14/05/2023,551,515,Chambre Double,,Hôtel du Casino de Capvern,Capvern,,18
1692665414-627,24/04/2023,07/05/2023,14/05/2023,522,522,Studio,,Hôtel-Résidence Le Lys,Cauterets,,18
1692665414-628,24/04/2023,07/05/2023,14/05/2023,553,518,Chambre Double ou Lits Jumeaux,,BRIT HOTEL DU LACA - Capvern,Capvern,,18
1692665414-629,24/04/2023,07/05/2023,14/05/2023,680,636,Chambre Double,,Hôtel La Montagne Fleurie,Barèges,,18
1692665414-630,24/04/2023,07/05/2023,14/05/2023,439,411,Chambre avec 1 Lit Double ,,Kyriad Tarbes Odos,Odos,,18
1692665414-631,24/04/2023,07/05/2023,14/05/2023,420,393,Chambre Double,,Résidence Hôtelière du MAGNOAC,Castelnau-Magnoac,,18
1692665414-632,24/04/2023,07/05/2023,14/05/2023,441,373,Chambre Double,,Hôtel de L'Avenue,Tarbes,,18
1692665414-633,24/04/2023,07/05/2023,14/05/2023,643,643,Chambre Familiale Classique ,,Hôtel de la Gare,Pierrefitte-Nestalas,,18
1692665414-634,24/04/2023,07/05/2023,14/05/2023,603,603,Chambre Double Standard,,ibis Tarbes Odos,Odos,,18
1692665414-635,24/04/2023,07/05/2023,14/05/2023,746,746,Chambre Double ou Lits Jumeaux - Vue sur Montagnes,,Les Rochers,Saint-Savin,,18
1692665414-636,24/04/2023,07/05/2023,14/05/2023,667,667,Appartement 2 Pièces,,Domaine de Ramonjuan,Lesponne,,18
1692665414-637,24/04/2023,07/05/2023,14/05/2023,701,701,Chambre Double,,Hôtel Terminus,Luz-Saint-Sauveur,,18
1692665414-638,24/04/2023,07/05/2023,14/05/2023,465,465,Chambre Double,,Hôtel Saint Vincent,Bagnères-de-Bigorre,,18
1692665414-639,24/04/2023,07/05/2023,14/05/2023,552,552,Chambre Double,,Hôtel du Val d'Aure,Cadéac,,18
1692665414-640,24/04/2023,07/05/2023,14/05/2023,343,321,Chambre Double,,Hôtel Eco Logis,Séméac,,18
1692665414-641,24/04/2023,07/05/2023,14/05/2023,608,608,Chambre Triple,,Hôtel des Cimes,Luz-Saint-Sauveur,,18
1692665414-642,24/04/2023,07/05/2023,14/05/2023,877,877,Chambre Standard avec 1 Lit Double et 2 Lits Simples,,ibis Lourdes Centre Gare,Lourdes,,18
1692665414-643,24/04/2023,07/05/2023,14/05/2023,554,519,Chambre Double,,Nex Hôtel,Tarbes,,18
1692665414-644,24/04/2023,07/05/2023,14/05/2023,828,776,Chambre Double Exécutive,,Le Rex Hôtel,Tarbes,,18
1692665414-645,24/04/2023,07/05/2023,14/05/2023,680,680,Chambre Double Standard,,Grand Hôtel de France,Pierrefitte-Nestalas,,18
1692665414-646,24/04/2023,07/05/2023,14/05/2023,427,399,Chambre Lits Jumeaux,,L'Auberge Everhotel de Tarbes-Ibos,Tarbes,,18
1692665414-647,24/04/2023,07/05/2023,14/05/2023,361,361,Chambre Double avec Douche,,Hôtel Kennedy Parc des Expositions,Tarbes,,18
1692665414-648,24/04/2023,07/05/2023,14/05/2023,529,529,Chambre Double ou Lits Jumeaux,,Au Primerose Hôtel,Argelès-Gazost,,18
1692665414-649,24/04/2023,07/05/2023,14/05/2023,659,659,Chambre Double Supérieure,,Hôtel du Soleil Levant,Argelès-Gazost,,18
1692665414-650,24/04/2023,07/05/2023,14/05/2023,2204,2063,Chambre Double avec Balcon,,Belfry & Spa by Ligne St Barth,Lourdes,,18
1692665414-651,24/04/2023,07/05/2023,14/05/2023,551,515,Chambre Double,,Hôtel du Casino de Capvern,Capvern,,18
1692665414-652,24/04/2023,07/05/2023,14/05/2023,522,522,Studio,,Hôtel-Résidence Le Lys,Cauterets,,18
1692665414-653,24/04/2023,07/05/2023,14/05/2023,553,518,Chambre Double ou Lits Jumeaux,,BRIT HOTEL DU LACA - Capvern,Capvern,,18
1692665414-654,24/04/2023,07/05/2023,14/05/2023,680,636,Chambre Double,,Hôtel La Montagne Fleurie,Barèges,,18
1692665414-655,24/04/2023,07/05/2023,14/05/2023,439,411,Chambre avec 1 Lit Double ,,Kyriad Tarbes Odos,Odos,,18
1692665414-656,24/04/2023,07/05/2023,14/05/2023,420,393,Chambre Double,,Résidence Hôtelière du MAGNOAC,Castelnau-Magnoac,,18
1692665414-657,24/04/2023,07/05/2023,14/05/2023,441,373,Chambre Double,,Hôtel de L'Avenue,Tarbes,,18
1692665414-658,24/04/2023,07/05/2023,14/05/2023,643,643,Chambre Familiale Classique ,,Hôtel de la Gare,Pierrefitte-Nestalas,,18
1692665414-659,24/04/2023,07/05/2023,14/05/2023,603,603,Chambre Double Standard,,ibis Tarbes Odos,Odos,,18
1692665414-660,24/04/2023,07/05/2023,14/05/2023,746,746,Chambre Double ou Lits Jumeaux - Vue sur Montagnes,,Les Rochers,Saint-Savin,,18
1692665414-661,24/04/2023,07/05/2023,14/05/2023,667,667,Appartement 2 Pièces,,Domaine de Ramonjuan,Lesponne,,18
1692665414-662,24/04/2023,07/05/2023,14/05/2023,701,701,Chambre Double,,Hôtel Terminus,Luz-Saint-Sauveur,,18
1692665414-663,24/04/2023,07/05/2023,14/05/2023,465,465,Chambre Double,,Hôtel Saint Vincent,Bagnères-de-Bigorre,,18
1692665414-664,24/04/2023,07/05/2023,14/05/2023,552,552,Chambre Double,,Hôtel du Val d'Aure,Cadéac,,18
1692665414-665,24/04/2023,07/05/2023,14/05/2023,343,321,Chambre Double,,Hôtel Eco Logis,Séméac,,18
1692665414-666,24/04/2023,07/05/2023,14/05/2023,608,608,Chambre Triple,,Hôtel des Cimes,Luz-Saint-Sauveur,,18
1692665414-667,24/04/2023,07/05/2023,14/05/2023,877,877,Chambre Standard avec 1 Lit Double et 2 Lits Simples,,ibis Lourdes Centre Gare,Lourdes,,18
